,Ocean_DIC_[mmol],Ocean_C^{12$S,Ocean_C^{13}$S ,Ocean_$\delta^{13}$C [VPDB],Fossil_Fuel_Burning_to_Ocean_DIC_[mmol/yr],Fossil_Fuel_Burning_to_Ocean_DIC_C^{12$S,Fossil_Fuel_Burning_to_Ocean_DIC_C^{13}$S,"Fossil_Fuel_Burning_to_Ocean_DIC_$\delta^{13}$C, [VPDB]",Carbonate_Weathering_to_Ocean_DIC_[mmol/yr],Carbonate_Weathering_to_Ocean_DIC_C^{12$S,Carbonate_Weathering_to_Ocean_DIC_C^{13}$S,"Carbonate_Weathering_to_Ocean_DIC_$\delta^{13}$C, [VPDB]",Organic_Weathering_to_Ocean_DIC_[mmol/yr],Organic_Weathering_to_Ocean_DIC_C^{12$S,Organic_Weathering_to_Ocean_DIC_C^{13}$S,"Organic_Weathering_to_Ocean_DIC_$\delta^{13}$C, [VPDB]",Volcanic_to_Ocean_DIC_[mmol/yr],Volcanic_to_Ocean_DIC_C^{12$S,Volcanic_to_Ocean_DIC_C^{13}$S,"Volcanic_to_Ocean_DIC_$\delta^{13}$C, [VPDB]",Ocean_to_OM_burial_DIC_[mmol/yr],Ocean_to_OM_burial_DIC_C^{12$S,Ocean_to_OM_burial_DIC_C^{13}$S,"Ocean_to_OM_burial_DIC_$\delta^{13}$C, [VPDB]",Ocean_to_Carbonate_burial_DIC_[mmol/yr],Ocean_to_Carbonate_burial_DIC_C^{12$S,Ocean_to_Carbonate_burial_DIC_C^{13}$S,"Ocean_to_Carbonate_burial_DIC_$\delta^{13}$C, [VPDB]"
0,3.48984e+18,3.451059751361995e+18,3.878024863800501e+16,1.543732848019798e-13,0.0,0.0,0.0,0.0,12300000000000.0,12163318358936.953,136681641063.04631,0.0,4000000000000.0,3956429988830.919,43570011169.080986,-19.999999999999908,6000000000000.0,5933655712408.382,66344287591.61808,-5.0000000000001315,4200000000000.0,4153328220124.8135,46671779875.186554,0.0,18100000000000.0,17898866853395.027,201133146604.9706,0.0
1,3.490437e+18,3.451650294478084e+18,3.878670552191581e+16,-0.004619272590469675,597000000000000.0,590543122208783.2,6456877791216.657,-27.0,12300000000000.0,12163318358936.953,136681641063.04631,0.0,4000000000000.0,3956429988830.919,43570011169.080986,-19.999999999999908,6000000000000.0,5933655712408.382,66344287591.61808,-5.0000000000001315,4200000000000.0,4154543326362.9023,45456673637.097626,-26.32,18100000000000.0,17898866853395.027,201133146604.9706,0.0
2,3.491041e+18,3.4522477618851753e+18,3.8793238114824744e+16,-0.009291095562636258,604000000000000.0,597467413423961.6,6532586576038.293,-27.0,12300000000000.0,12163318358936.953,136681641063.04631,0.0,4000000000000.0,3956429988830.919,43570011169.080986,-19.999999999999908,6000000000000.0,5933655712408.382,66344287591.61808,-5.0000000000001315,4200000000000.0,4154543539681.647,45456460318.35326,-26.32461927259047,18100000000000.0,17898866853395.027,201133146604.9706,0.0
3,3.491652e+18,3.452852153583266e+18,3.879984641673425e+16,-0.01401541346715958,611000000000000.0,604391704639140.0,6608295360859.929,-27.0,12300000000000.0,12163318358936.953,136681641063.04631,0.0,4000000000000.0,3956429988830.919,43570011169.080986,-19.999999999999908,6000000000000.0,5933655712408.382,66344287591.61808,-5.0000000000001315,4200000000000.0,4154543755427.198,45456244572.80159,-26.32929109556264,18100000000000.0,17898866853395.027,201133146604.9706,0.0
4,3.49227e+18,3.4534634695723535e+18,3.8806530427646744e+16,-0.01879217026236918,618000000000000.0,611315995854318.4,6684004145681.564,-27.0,12300000000000.0,12163318358936.953,136681641063.04631,0.0,4000000000000.0,3956429988830.919,43570011169.080986,-19.999999999999908,6000000000000.0,5933655712408.382,66344287591.61808,-5.0000000000001315,4200000000000.0,4154543973596.9976,45456026403.002556,-26.334015413467007,18100000000000.0,17898866853395.027,201133146604.9706,0.0
5,3.492895e+18,3.4540817098524355e+18,3.881329014756466e+16,-0.02362130931503617,625000000000000.0,618240287069496.8,6759712930503.2,-27.0,12300000000000.0,12163318358936.953,136681641063.04631,0.0,4000000000000.0,3956429988830.919,43570011169.080986,-19.999999999999908,6000000000000.0,5933655712408.382,66344287591.61808,-5.0000000000001315,4200000000000.0,4154544194188.4565,45455805811.54338,-26.33879217026237,18100000000000.0,17898866853395.027,201133146604.9706,0.0
6,3.493527e+18,3.4547068744235095e+18,3.88201255764904e+16,-0.028502773402843205,632000000000000.0,625164578284675.1,6835421715324.837,-27.0,12300000000000.0,12163318358936.953,136681641063.04631,0.0,4000000000000.0,3956429988830.919,43570011169.080986,-19.999999999999908,6000000000000.0,5933655712408.382,66344287591.61808,-5.0000000000001315,4200000000000.0,4154544417198.9614,45455582801.03866,-26.343621309315036,18100000000000.0,17898866853395.027,201133146604.9706,0.0
7,3.494166e+18,3.4553389632855736e+18,3.882703671442639e+16,-0.033436504715310726,639000000000000.0,632088869499853.5,6911130500146.473,-27.0,12300000000000.0,12163318358936.953,136681641063.04631,0.0,4000000000000.0,3956429988830.919,43570011169.080986,-19.999999999999908,6000000000000.0,5933655712408.382,66344287591.61808,-5.0000000000001315,4200000000000.0,4154544642625.8696,45455357374.13011,-26.348502773402842,18100000000000.0,17898866853395.027,201133146604.9706,0.0
8,3.494812e+18,3.455977976438625e+18,3.883402356137505e+16,-0.038422444855495064,646000000000000.0,639013160715031.9,6986839284968.108,-27.0,12300000000000.0,12163318358936.953,136681641063.04631,0.0,4000000000000.0,3956429988830.919,43570011169.080986,-19.999999999999908,6000000000000.0,5933655712408.382,66344287591.61808,-5.0000000000001315,4200000000000.0,4154544870466.513,45455129533.486664,-26.35343650471531,18100000000000.0,17898866853395.027,201133146604.9706,0.0
9,3.495465e+18,3.456623913882661e+18,3.8841086117338776e+16,-0.04346053484245841,653000000000000.0,645937451930210.2,7062548069789.744,-27.0,12300000000000.0,12163318358936.953,136681641063.04631,0.0,4000000000000.0,3956429988830.919,43570011169.080986,-19.999999999999908,6000000000000.0,5933655712408.382,66344287591.61808,-5.0000000000001315,4200000000000.0,4154545100718.1953,45454899281.80432,-26.358422444855496,18100000000000.0,17898866853395.027,201133146604.9706,0.0
10,3.496125e+18,3.45727677561768e+18,3.884822438231998e+16,-0.04855071511250383,660000000000000.0,652861743145388.6,7138256854611.38,-27.0,12300000000000.0,12163318358936.953,136681641063.04631,0.0,4000000000000.0,3956429988830.919,43570011169.080986,-19.999999999999908,6000000000000.0,5933655712408.382,66344287591.61808,-5.0000000000001315,4200000000000.0,4154545333378.194,45454666621.806015,-26.363460534842613,18100000000000.0,17898866853395.027,201133146604.9706,0.0
11,3.496792e+18,3.4579365616436787e+18,3.885543835632108e+16,-0.053692925520410176,667000000000000.0,659786034360567.0,7213965639433.016,-27.0,12300000000000.0,12163318358936.953,136681641063.04631,0.0,4000000000000.0,3956429988830.919,43570011169.080986,-19.999999999999908,6000000000000.0,5933655712408.382,66344287591.61808,-5.0000000000001315,4200000000000.0,4154545568443.7583,45454431556.24161,-26.368550715112505,18100000000000.0,17898866853395.027,201133146604.9706,0.0
12,3.497466e+18,3.4586032719606554e+18,3.886272803934446e+16,-0.05888710534205653,674000000000000.0,666710325575745.4,7289674424254.651,-27.0,12300000000000.0,12163318358936.953,136681641063.04631,0.0,4000000000000.0,3956429988830.919,43570011169.080986,-19.999999999999908,6000000000000.0,5933655712408.382,66344287591.61808,-5.0000000000001315,4200000000000.0,4154545805912.1123,45454194087.887794,-26.37369292552041,18100000000000.0,17898866853395.027,201133146604.9706,0.0
13,3.498147e+18,3.459276906568607e+18,3.8870093431392536e+16,-0.06413319327581149,681000000000000.0,673634616790923.6,7365383209076.287,-27.0,12300000000000.0,12163318358936.953,136681641063.04631,0.0,4000000000000.0,3956429988830.919,43570011169.080986,-19.999999999999908,6000000000000.0,5933655712408.382,66344287591.61808,-5.0000000000001315,4200000000000.0,4154546045780.452,45453954219.548,-26.378887105342212,18100000000000.0,17898866853395.027,201133146604.9706,0.0
14,3.498835e+18,3.4599574654675323e+18,3.88775345324677e+16,-0.06943112744392257,688000000000000.0,680558908006102.0,7441091993897.923,-27.0,12300000000000.0,12163318358936.953,136681641063.04631,0.0,4000000000000.0,3956429988830.919,43570011169.080986,-19.999999999999908,6000000000000.0,5933655712408.382,66344287591.61808,-5.0000000000001315,4200000000000.0,4154546288045.9478,45453711954.052345,-26.38413319327581,18100000000000.0,17898866853395.027,201133146604.9706,0.0
15,3.49953e+18,3.4606449486574275e+18,3.8885051342572344e+16,-0.07478084539514052,695000000000000.0,687483199221280.4,7516800778719.56,-27.0,12300000000000.0,12163318358936.953,136681641063.04631,0.0,4000000000000.0,3956429988830.919,43570011169.080986,-19.999999999999908,6000000000000.0,5933655712408.382,66344287591.61808,-5.0000000000001315,4200000000000.0,4154546532705.7427,45453467294.257484,-26.389431127444077,18100000000000.0,17898866853395.027,201133146604.9706,0.0
16,3.500232e+18,3.4613393561382907e+18,3.889264386170886e+16,-0.08018228410579994,702000000000000.0,694407490436458.8,7592509563541.195,-27.0,12300000000000.0,12163318358936.953,136681641063.04631,0.0,4000000000000.0,3956429988830.919,43570011169.080986,-19.999999999999908,6000000000000.0,5933655712408.382,66344287591.61808,-5.0000000000001315,4200000000000.0,4154546779756.9536,45453220243.04661,-26.394780845394987,18100000000000.0,17898866853395.027,201133146604.9706,0.0
17,3.500941e+18,3.46204068791012e+18,3.890031208987964e+16,-0.08563537998275243,709000000000000.0,701331781651637.1,7668218348362.83,-27.0,12300000000000.0,12163318358936.953,136681641063.04631,0.0,4000000000000.0,3956429988830.919,43570011169.080986,-19.999999999999908,6000000000000.0,5933655712408.382,66344287591.61808,-5.0000000000001315,4200000000000.0,4154547029196.671,45452970803.32931,-26.400182284105647,18100000000000.0,17898866853395.027,201133146604.9706,0.0
18,3.501657e+18,3.4627489439729126e+18,3.8908056027087064e+16,-0.09114006886336647,716000000000000.0,708256072866815.5,7743927133184.466,-27.0,12300000000000.0,12163318358936.953,136681641063.04631,0.0,4000000000000.0,3956429988830.919,43570011169.080986,-19.999999999999908,6000000000000.0,5933655712408.382,66344287591.61808,-5.0000000000001315,4200000000000.0,4154547281021.9585,45452718978.04145,-26.4056353799826,18100000000000.0,17898866853395.027,201133146604.9706,0.0
19,3.50238e+18,3.463464124326666e+18,3.891587567333352e+16,-0.09669628601876938,723000000000000.0,715180364081993.9,7819635918006.102,-27.0,12300000000000.0,12163318358936.953,136681641063.04631,0.0,4000000000000.0,3956429988830.919,43570011169.080986,-19.999999999999908,6000000000000.0,5933655712408.382,66344287591.61808,-5.0000000000001315,4200000000000.0,4154547535229.8545,45452464770.145226,-26.411140068863368,18100000000000.0,17898866853395.027,201133146604.9706,0.0
20,3.50311e+18,3.464186228971378e+18,3.8923771028621384e+16,-0.10230396615569975,730000000000000.0,722104655297172.2,7895344702827.737,-27.0,12300000000000.0,12163318358936.953,136681641063.04631,0.0,4000000000000.0,3956429988830.919,43570011169.080986,-19.999999999999908,6000000000000.0,5933655712408.382,66344287591.61808,-5.0000000000001315,4200000000000.0,4154547791817.371,45452208182.62896,-26.416696286018922,18100000000000.0,17898866853395.027,201133146604.9706,0.0
21,3.503867e+18,3.4649350415962327e+18,3.893195840376681e+16,-0.10811658849002581,757000000000000.0,748812635698574.5,8187364301425.476,-27.0,12300000000000.0,12163318358936.953,136681641063.04631,0.0,4000000000000.0,3956429988830.919,43570011169.080986,-19.999999999999908,6000000000000.0,5933655712408.382,66344287591.61808,-5.0000000000001315,4200000000000.0,4154548050781.493,45451949218.50704,-26.422303966155855,18100000000000.0,17898866853395.027,201133146604.9706,0.0
22,3.504651e+18,3.46571056220122e+18,3.8940437798779256e+16,-0.11413388555196995,784000000000000.0,775520616099976.8,8479383900023.214,-27.0,12300000000000.0,12163318358936.953,136681641063.04631,0.0,4000000000000.0,3956429988830.919,43570011169.080986,-19.999999999999908,6000000000000.0,5933655712408.382,66344287591.61808,-5.0000000000001315,4200000000000.0,4154548319209.933,45451680790.06727,-26.428116588490028,18100000000000.0,17898866853395.027,201133146604.9706,0.0
23,3.505462e+18,3.466512790786331e+18,3.8949209213668184e+16,-0.12035558064625271,811000000000000.0,802228596501379.0,8771403498620.952,-27.0,12300000000000.0,12163318358936.953,136681641063.04631,0.0,4000000000000.0,3956429988830.919,43570011169.080986,-19.999999999999908,6000000000000.0,5933655712408.382,66344287591.61808,-5.0000000000001315,4200000000000.0,4154548597090.3423,45451402909.657776,-26.434133885552125,18100000000000.0,17898866853395.027,201133146604.9706,0.0
24,3.5063e+18,3.467341727351556e+18,3.895827264844303e+16,-0.12678138788281304,838000000000000.0,828936576902781.2,9063423097218.691,-27.0,12300000000000.0,12163318358936.953,136681641063.04631,0.0,4000000000000.0,3956429988830.919,43570011169.080986,-19.999999999999908,6000000000000.0,5933655712408.382,66344287591.61808,-5.0000000000001315,4200000000000.0,4154548884409.9473,45451115590.052666,-26.44035558064625,18100000000000.0,17898866853395.027,201133146604.9706,0.0
25,3.507165e+18,3.468197371896886e+18,3.8967628103113224e+16,-0.13341101220999854,865000000000000.0,855644557304183.5,9355442695816.43,-27.0,12300000000000.0,12163318358936.953,136681641063.04631,0.0,4000000000000.0,3956429988830.919,43570011169.080986,-19.999999999999908,6000000000000.0,5933655712408.382,66344287591.61808,-5.0000000000001315,4200000000000.0,4154549181155.55,45450818844.4505,-26.44678138788281,18100000000000.0,17898866853395.027,201133146604.9706,0.0
26,3.508057e+18,3.469079724422311e+18,3.897727557768817e+16,-0.14024414944837324,892000000000000.0,882352537705585.8,9647462294414.168,-27.0,12300000000000.0,12163318358936.953,136681641063.04631,0.0,4000000000000.0,3956429988830.919,43570011169.080986,-19.999999999999908,6000000000000.0,5933655712408.382,66344287591.61808,-5.0000000000001315,4200000000000.0,4154549487313.527,45450512686.47279,-26.453411012209845,18100000000000.0,17898866853395.027,201133146604.9706,0.0
27,3.508976e+18,3.469988784927822e+18,3.898721507217727e+16,-0.14728048632467972,919000000000000.0,909060518106988.0,9939481893011.906,-27.0,12300000000000.0,12163318358936.953,136681641063.04631,0.0,4000000000000.0,3956429988830.919,43570011169.080986,-19.999999999999908,6000000000000.0,5933655712408.382,66344287591.61808,-5.0000000000001315,4200000000000.0,4154549802869.8374,45450197130.16251,-26.46024414944822,18100000000000.0,17898866853395.027,201133146604.9706,0.0
28,3.509922e+18,3.4709245534134093e+18,3.899744658658991e+16,-0.1545197005081168,946000000000000.0,935768498508390.2,10231501491609.645,-27.0,12300000000000.0,12163318358936.953,136681641063.04631,0.0,4000000000000.0,3956429988830.919,43570011169.080986,-19.999999999999908,6000000000000.0,5933655712408.382,66344287591.61808,-5.0000000000001315,4200000000000.0,4154550127810.0176,45449872189.98238,-26.46728048632468,18100000000000.0,17898866853395.027,201133146604.9706,0.0
29,3.510895e+18,3.4718870298790636e+18,3.900797012093546e+16,-0.16196146064692601,973000000000000.0,962476478909792.6,10523521090207.383,-27.0,12300000000000.0,12163318358936.953,136681641063.04631,0.0,4000000000000.0,3956429988830.919,43570011169.080986,-19.999999999999908,6000000000000.0,5933655712408.382,66344287591.61808,-5.0000000000001315,4200000000000.0,4154550462119.1865,45449537880.81338,-26.474519700508118,18100000000000.0,17898866853395.027,201133146604.9706,0.0
30,3.511895e+18,3.472876214324776e+18,3.901878567522326e+16,-0.16960542640605875,1000000000000000.0,989184459311194.9,10815540688805.121,-27.0,12300000000000.0,12163318358936.953,136681641063.04631,0.0,4000000000000.0,3956429988830.919,43570011169.080986,-19.999999999999908,6000000000000.0,5933655712408.382,66344287591.61808,-5.0000000000001315,4200000000000.0,4154550805782.0474,45449194217.9529,-26.481961460646925,18100000000000.0,17898866853395.027,201133146604.9706,0.0
31,3.5129116666666665e+18,3.4738818851777905e+18,3.902978148887555e+16,-0.1773723256626946,1016666666666666.6,1005670866966381.4,10995799700285.205,-27.0,12300000000000.0,12163318358936.953,136681641063.04631,0.0,4000000000000.0,3956429988830.919,43570011169.080986,-19.999999999999908,6000000000000.0,5933655712408.382,66344287591.61808,-5.0000000000001315,4200000000000.0,4154551158782.8867,45448841217.11309,-26.489605426406058,18100000000000.0,17898866853395.027,201133146604.9706,0.0
32,3.513945e+18,3.4749040424381015e+18,3.9040957561898e+16,-0.18526194098715618,1033333333333333.4,1022157274621568.0,11176058711765.293,-27.0,12300000000000.0,12163318358936.953,136681641063.04631,0.0,4000000000000.0,3956429988830.919,43570011169.080986,-19.999999999999908,6000000000000.0,5933655712408.382,66344287591.61808,-5.0000000000001315,4200000000000.0,4154551517460.8975,45448482539.1027,-26.497372325662695,18100000000000.0,17898866853395.027,201133146604.9706,0.0
33,3.514995e+18,3.4759426861057034e+18,3.905231389429627e+16,-0.19327405171132345,1050000000000000.0,1038643682276754.6,11356317723245.377,-27.0,12300000000000.0,12163318358936.953,136681641063.04631,0.0,4000000000000.0,3956429988830.919,43570011169.080986,-19.999999999999908,6000000000000.0,5933655712408.382,66344287591.61808,-5.0000000000001315,4200000000000.0,4154551881806.04,45448118193.95977,-26.505261940987157,18100000000000.0,17898866853395.027,201133146604.9706,0.0
34,3.5160616666666665e+18,3.4769978161805906e+18,3.9063850486076024e+16,-0.2014084339442252,1066666666666666.6,1055130089931941.1,11536576734725.46,-27.0,12300000000000.0,12163318358936.953,136681641063.04631,0.0,4000000000000.0,3956429988830.919,43570011169.080986,-19.999999999999908,6000000000000.0,5933655712408.382,66344287591.61808,-5.0000000000001315,4200000000000.0,4154552251808.1284,45447748191.87183,-26.513274051711324,18100000000000.0,17898866853395.027,201133146604.9706,0.0
35,3.517145e+18,3.478069432662757e+18,3.9075567337242904e+16,-0.20966486058670472,1083333333333333.4,1071616497587127.8,11716835746205.549,-27.0,12300000000000.0,12163318358936.953,136681641063.04631,0.0,4000000000000.0,3956429988830.919,43570011169.080986,-19.999999999999908,6000000000000.0,5933655712408.382,66344287591.61808,-5.0000000000001315,4200000000000.0,4154552627456.8247,45447372543.17526,-26.52140843394407,18100000000000.0,17898866853395.027,201133146604.9706,0.0
36,3.518245e+18,3.479157535552197e+18,3.908746444780255e+16,-0.21804310134824628,1100000000000000.0,1088102905242314.2,11897094757685.633,-27.0,12300000000000.0,12163318358936.953,136681641063.04631,0.0,4000000000000.0,3956429988830.919,43570011169.080986,-19.999999999999908,6000000000000.0,5933655712408.382,66344287591.61808,-5.0000000000001315,4200000000000.0,4154553008741.6455,45446991258.35449,-26.529664860586706,18100000000000.0,17898866853395.027,201133146604.9706,0.0
37,3.5193616666666665e+18,3.4802621248489057e+18,3.909954181776059e+16,-0.22654292276164079,1116666666666666.6,1104589312897500.9,12077353769165.719,-27.0,12300000000000.0,12163318358936.953,136681641063.04631,0.0,4000000000000.0,3956429988830.919,43570011169.080986,-19.999999999999908,6000000000000.0,5933655712408.382,66344287591.61808,-5.0000000000001315,4200000000000.0,4154553395651.9585,45446604348.04134,-26.538043101348247,18100000000000.0,17898866853395.027,201133146604.9706,0.0
38,3.520495e+18,3.481383200552877e+18,3.911179944712263e+16,-0.23516408820012102,1133333333333333.2,1121075720552687.4,12257612780645.803,-27.0,12300000000000.0,12163318358936.953,136681641063.04631,0.0,4000000000000.0,3956429988830.919,43570011169.080986,-19.999999999999908,6000000000000.0,5933655712408.382,66344287591.61808,-5.0000000000001315,4200000000000.0,4154553788176.986,45446211823.014275,-26.546542922761642,18100000000000.0,17898866853395.027,201133146604.9706,0.0
39,3.521645e+18,3.4825207626641055e+18,3.912423733589428e+16,-0.2439063578921817,1150000000000000.0,1137562128207874.0,12437871792125.889,-27.0,12300000000000.0,12163318358936.953,136681641063.04631,0.0,4000000000000.0,3956429988830.919,43570011169.080986,-19.999999999999908,6000000000000.0,5933655712408.382,66344287591.61808,-5.0000000000001315,4200000000000.0,4154554186305.8027,45445813694.1976,-26.555164088200122,18100000000000.0,17898866853395.027,201133146604.9706,0.0
40,3.5228116666666665e+18,3.4836748111825853e+18,3.913685548408114e+16,-0.2527694889390235,1166666666666666.8,1154048535863060.8,12618130803605.975,-27.0,12300000000000.0,12163318358936.953,136681641063.04631,0.0,4000000000000.0,3956429988830.919,43570011169.080986,-19.999999999999908,6000000000000.0,5933655712408.382,66344287591.61808,-5.0000000000001315,4200000000000.0,4154554590027.3394,45445409972.66087,-26.563906357892183,18100000000000.0,17898866853395.027,201133146604.9706,0.0
41,3.523995e+18,3.484845346108311e+18,3.914965389168877e+16,-0.26175323533153405,1183333333333333.2,1170534943518247.2,12798389815086.059,-27.0,12300000000000.0,12163318358936.953,136681641063.04631,0.0,4000000000000.0,3956429988830.919,43570011169.080986,-19.999999999999908,6000000000000.0,5933655712408.382,66344287591.61808,-5.0000000000001315,4200000000000.0,4154554999330.382,45445000669.61798,-26.572769488939024,18100000000000.0,17898866853395.027,201133146604.9706,0.0
42,3.525195e+18,3.486032367441277e+18,3.916263255872276e+16,-0.2708573479654168,1200000000000000.0,1187021351173433.8,12978648826566.145,-27.0,12300000000000.0,12163318358936.953,136681641063.04631,0.0,4000000000000.0,3956429988830.919,43570011169.080986,-19.999999999999908,6000000000000.0,5933655712408.382,66344287591.61808,-5.0000000000001315,4200000000000.0,4154555414203.5737,45444585796.426445,-26.581753235331533,18100000000000.0,17898866853395.027,201133146604.9706,0.0
43,3.5264116666666665e+18,3.487235875181478e+18,3.9175791485188664e+16,-0.28008157466002415,1216666666666666.8,1203507758828620.5,13158907838046.23,-27.0,12300000000000.0,12163318358936.953,136681641063.04631,0.0,4000000000000.0,3956429988830.919,43570011169.080986,-19.999999999999908,6000000000000.0,5933655712408.382,66344287591.61808,-5.0000000000001315,4200000000000.0,4154555834635.413,45444165364.58665,-26.590857347965418,18100000000000.0,17898866853395.027,201133146604.9706,0.0
44,3.527645e+18,3.488455869328908e+18,3.9189130671092024e+16,-0.28942566017425836,1233333333333333.2,1219994166483806.8,13339166849526.314,-27.0,12300000000000.0,12163318358936.953,136681641063.04631,0.0,4000000000000.0,3956429988830.919,43570011169.080986,-19.999999999999908,6000000000000.0,5933655712408.382,66344287591.61808,-5.0000000000001315,4200000000000.0,4154556260614.259,45443739385.74106,-26.600081574660024,18100000000000.0,17898866853395.027,201133146604.9706,0.0
45,3.528895e+18,3.4896923498835615e+18,3.9202650116438376e+16,-0.2988893462247873,1250000000000000.0,1236480574138993.5,13519425861006.4,-27.0,12300000000000.0,12163318358936.953,136681641063.04631,0.0,4000000000000.0,3956429988830.919,43570011169.080986,-19.999999999999908,6000000000000.0,5933655712408.382,66344287591.61808,-5.0000000000001315,4200000000000.0,4154556692128.3267,45443307871.67339,-26.609425660174413,18100000000000.0,17898866853395.027,201133146604.9706,0.0
46,3.5301616666666665e+18,3.4909453168454333e+18,3.921634982123325e+16,-0.30847237150240797,1266666666666666.8,1252966981794180.2,13699684872486.486,-27.0,12300000000000.0,12163318358936.953,136681641063.04631,0.0,4000000000000.0,3956429988830.919,43570011169.080986,-19.999999999999908,6000000000000.0,5933655712408.382,66344287591.61808,-5.0000000000001315,4200000000000.0,4154557129165.6924,45442870834.30787,-26.618889346224787,18100000000000.0,17898866853395.027,201133146604.9706,0.0
47,3.531445e+18,3.492214770214518e+18,3.923022978548214e+16,-0.31817447169103463,1283333333333333.2,1269453389449366.5,13879943883966.57,-27.0,12300000000000.0,12163318358936.953,136681641063.04631,0.0,4000000000000.0,3956429988830.919,43570011169.080986,-19.999999999999908,6000000000000.0,5933655712408.382,66344287591.61808,-5.0000000000001315,4200000000000.0,4154557571714.2915,45442428285.70837,-26.628472371502255,18100000000000.0,17898866853395.027,201133146604.9706,0.0
48,3.532745e+18,3.493500709990809e+18,3.924429000919057e+16,-0.32799537948467977,1300000000000000.0,1285939797104553.2,14060202895446.658,-27.0,12300000000000.0,12163318358936.953,136681641063.04631,0.0,4000000000000.0,3956429988830.919,43570011169.080986,-19.999999999999908,6000000000000.0,5933655712408.382,66344287591.61808,-5.0000000000001315,4200000000000.0,4154558019761.9224,45441980238.0776,-26.63817447169088,18100000000000.0,17898866853395.027,201133146604.9706,0.0
49,3.5340616666666665e+18,3.494803136174302e+18,3.925853049236401e+16,-0.33793482460597885,1316666666666666.5,1302426204759739.8,14240461906926.74,-27.0,12300000000000.0,12163318358936.953,136681641063.04631,0.0,4000000000000.0,3956429988830.919,43570011169.080986,-19.999999999999908,6000000000000.0,5933655712408.382,66344287591.61808,-5.0000000000001315,4200000000000.0,4154558473296.2437,45441526703.75633,-26.64799537948468,18100000000000.0,17898866853395.027,201133146604.9706,0.0
50,3.535395e+18,3.4961220487649915e+18,3.927295123500794e+16,-0.34799253382409767,1333333333333333.2,1318912612414926.2,14420720918406.826,-27.0,12300000000000.0,12163318358936.953,136681641063.04631,0.0,4000000000000.0,3956429988830.919,43570011169.080986,-19.999999999999908,6000000000000.0,5933655712408.382,66344287591.61808,-5.0000000000001315,4200000000000.0,4154558932304.7773,45441067695.222534,-26.65793482460598,18100000000000.0,17898866853395.027,201133146604.9706,0.0
51,3.536745e+18,3.497457447762872e+18,3.9287552237127816e+16,-0.35816823097325706,1350000000000000.0,1335399020070113.0,14600979929886.914,-27.0,12300000000000.0,12163318358936.953,136681641063.04631,0.0,4000000000000.0,3956429988830.919,43570011169.080986,-19.999999999999908,6000000000000.0,5933655712408.382,66344287591.61808,-5.0000000000001315,4200000000000.0,4154559396774.9097,45440603225.09052,-26.667992533823945,18100000000000.0,17898866853395.027,201133146604.9706,0.0
52,3.5381116666666665e+18,3.498809333167937e+18,3.9302333498729096e+16,-0.36846163697110357,1366666666666666.5,1351885427725299.5,14781238941366.996,-27.0,12300000000000.0,12163318358936.953,136681641063.04631,0.0,4000000000000.0,3956429988830.919,43570011169.080986,-19.999999999999908,6000000000000.0,5933655712408.382,66344287591.61808,-5.0000000000001315,4200000000000.0,4154559866693.8896,45440133306.11008,-26.678168230973256,18100000000000.0,17898866853395.027,201133146604.9706,0.0
53,3.539495e+18,3.500177704980182e+18,3.931729501981721e+16,-0.37887246983816014,1383333333333333.2,1368371835380486.0,14961497952847.082,-27.0,12300000000000.0,12163318358936.953,136681641063.04631,0.0,4000000000000.0,3956429988830.919,43570011169.080986,-19.999999999999908,6000000000000.0,5933655712408.382,66344287591.61808,-5.0000000000001315,4200000000000.0,4154560342048.834,45439657951.16571,-26.688461636971105,18100000000000.0,17898866853395.027,201133146604.9706,0.0
54,3.540895e+18,3.5015625631996017e+18,3.933243680039758e+16,-0.3894004447154249,1400000000000000.0,1384858243035672.8,15141756964327.17,-27.0,12300000000000.0,12163318358936.953,136681641063.04631,0.0,4000000000000.0,3956429988830.919,43570011169.080986,-19.999999999999908,6000000000000.0,5933655712408.382,66344287591.61808,-5.0000000000001315,4200000000000.0,4154560822826.724,45439177173.27563,-26.698872469838314,18100000000000.0,17898866853395.027,201133146604.9706,0.0
55,3.5423116666666665e+18,3.5029639078261903e+18,3.9347758840475624e+16,-0.40004527388459393,1416666666666666.5,1401344650690859.2,15322015975807.252,-27.0,12300000000000.0,12163318358936.953,136681641063.04631,0.0,4000000000000.0,3956429988830.919,43570011169.080986,-19.999999999999908,6000000000000.0,5933655712408.382,66344287591.61808,-5.0000000000001315,4200000000000.0,4154561309014.4087,45438690985.59104,-26.709400444715424,18100000000000.0,17898866853395.027,201133146604.9706,0.0
56,3.543745e+18,3.5043817388599424e+18,3.936326114005673e+16,-0.4108066667864318,1433333333333333.2,1417831058346045.8,15502274987287.338,-27.0,12300000000000.0,12163318358936.953,136681641063.04631,0.0,4000000000000.0,3956429988830.919,43570011169.080986,-19.999999999999908,6000000000000.0,5933655712408.382,66344287591.61808,-5.0000000000001315,4200000000000.0,4154561800598.605,45438199401.395134,-26.720045273884594,18100000000000.0,17898866853395.027,201133146604.9706,0.0
57,3.545195e+18,3.5058160563008527e+18,3.937894369914628e+16,-0.42168433004068573,1450000000000000.0,1434317466001232.5,15682533998767.424,-27.0,12300000000000.0,12163318358936.953,136681641063.04631,0.0,4000000000000.0,3956429988830.919,43570011169.080986,-19.999999999999908,6000000000000.0,5933655712408.382,66344287591.61808,-5.0000000000001315,4200000000000.0,4154562297565.8975,45437702434.10225,-26.730806666786588,18100000000000.0,17898866853395.027,201133146604.9706,0.0
58,3.5466616666666665e+18,3.507266860148916e+18,3.939480651774965e+16,-0.4326779674652278,1466666666666666.5,1450803873656419.0,15862793010247.508,-27.0,12300000000000.0,12163318358936.953,136681641063.04631,0.0,4000000000000.0,3956429988830.919,43570011169.080986,-19.999999999999908,6000000000000.0,5933655712408.382,66344287591.61808,-5.0000000000001315,4200000000000.0,4154562799902.7427,45437200097.25703,-26.741684330040687,18100000000000.0,17898866853395.027,201133146604.9706,0.0
59,3.548145e+18,3.508734150404127e+18,3.941084959587219e+16,-0.4437872800958146,1483333333333333.2,1467290281311605.5,16043052021727.596,-27.0,12300000000000.0,12163318358936.953,136681641063.04631,0.0,4000000000000.0,3956429988830.919,43570011169.080986,-19.999999999999908,6000000000000.0,5933655712408.382,66344287591.61808,-5.0000000000001315,4200000000000.0,4154563307595.467,45436692404.533424,-26.752677967465228,18100000000000.0,17898866853395.027,201133146604.9706,0.0
60,3.549645e+18,3.51021792706648e+18,3.942707293351925e+16,-0.455011966205693,1500000000000000.0,1483776688966792.2,16223311033207.68,-27.0,12300000000000.0,12163318358936.953,136681641063.04631,0.0,4000000000000.0,3956429988830.919,43570011169.080986,-19.999999999999908,6000000000000.0,5933655712408.382,66344287591.61808,-5.0000000000001315,4200000000000.0,4154563820630.266,45436179369.73387,-26.763787280095816,18100000000000.0,17898866853395.027,201133146604.9706,0.0
61,3.5511675e+18,3.511723960378649e+18,3.944353962135017e+16,-0.4663953197385893,1522500000000000.0,1506033339301294.0,16466660698705.795,-27.0,12300000000000.0,12163318358936.953,136681641063.04631,0.0,4000000000000.0,3956429988830.919,43570011169.080986,-19.999999999999908,6000000000000.0,5933655712408.382,66344287591.61808,-5.0000000000001315,4200000000000.0,4154564338993.2114,45435661006.78832,-26.775011966205692,18100000000000.0,17898866853395.027,201133146604.9706,0.0
62,3.5527125e+18,3.513252250340627e+18,3.946024965937227e+16,-0.4779369201154495,1545000000000000.0,1528289989635796.0,16710010364203.91,-27.0,12300000000000.0,12163318358936.953,136681641063.04631,0.0,4000000000000.0,3956429988830.919,43570011169.080986,-19.999999999999908,6000000000000.0,5933655712408.382,66344287591.61808,-5.0000000000001315,4200000000000.0,4154564864683.649,45435135316.350975,-26.78639531973859,18100000000000.0,17898866853395.027,201133146604.9706,0.0
63,3.55428e+18,3.5148027969524065e+18,3.947720304759287e+16,-0.4896363414713241,1567500000000000.0,1550546639970298.0,16953360029702.025,-27.0,12300000000000.0,12163318358936.953,136681641063.04631,0.0,4000000000000.0,3956429988830.919,43570011169.080986,-19.999999999999908,6000000000000.0,5933655712408.382,66344287591.61808,-5.0000000000001315,4200000000000.0,4154565397682.161,45434602317.83885,-26.79793692011545,18100000000000.0,17898866853395.027,201133146604.9706,0.0
64,3.55587e+18,3.51637560021398e+18,3.949439978601926e+16,-0.5014931526938068,1590000000000000.0,1572803290304799.8,17196709695200.14,-27.0,12300000000000.0,12163318358936.953,136681641063.04631,0.0,4000000000000.0,3956429988830.919,43570011169.080986,-19.999999999999908,6000000000000.0,5933655712408.382,66344287591.61808,-5.0000000000001315,4200000000000.0,4154565937969.087,45434062030.91307,-26.80963634147117,18100000000000.0,17898866853395.027,201133146604.9706,0.0
65,3.5574825e+18,3.5179706601253407e+18,3.95118398746587e+16,-0.5135069174630174,1612500000000000.0,1595059940639301.8,17440059360698.256,-27.0,12300000000000.0,12163318358936.953,136681641063.04631,0.0,4000000000000.0,3956429988830.919,43570011169.080986,-19.999999999999908,6000000000000.0,5933655712408.382,66344287591.61808,-5.0000000000001315,4200000000000.0,4154566485524.523,45433514475.476974,-26.821493152693808,18100000000000.0,17898866853395.027,201133146604.9706,0.0
66,3.5591175e+18,3.519587976686481e+18,3.952952331351845e+16,-0.5256771942888052,1635000000000000.0,1617316590973803.5,17683409026196.37,-27.0,12300000000000.0,12163318358936.953,136681641063.04631,0.0,4000000000000.0,3956429988830.919,43570011169.080986,-19.999999999999908,6000000000000.0,5933655712408.382,66344287591.61808,-5.0000000000001315,4200000000000.0,4154567040328.3257,45432959671.6744,-26.83350691746302,18100000000000.0,17898866853395.027,201133146604.9706,0.0
67,3.560775e+18,3.5212275498973937e+18,3.954745010260572e+16,-0.5380035365524309,1657500000000000.0,1639573241308305.5,17926758691694.49,-27.0,12300000000000.0,12163318358936.953,136681641063.04631,0.0,4000000000000.0,3956429988830.919,43570011169.080986,-19.999999999999908,6000000000000.0,5933655712408.382,66344287591.61808,-5.0000000000001315,4200000000000.0,4154567602360.1123,45432397639.88784,-26.845677194288804,18100000000000.0,17898866853395.027,201133146604.9706,0.0
68,3.562455e+18,3.522889379758072e+18,3.956562024192773e+16,-0.5504854925448502,1680000000000000.0,1661829891642807.2,18170108357192.6,-27.0,12300000000000.0,12163318358936.953,136681641063.04631,0.0,4000000000000.0,3956429988830.919,43570011169.080986,-19.999999999999908,6000000000000.0,5933655712408.382,66344287591.61808,-5.0000000000001315,4200000000000.0,4154568171599.263,45431828400.73662,-26.85800353655243,18100000000000.0,17898866853395.027,201133146604.9706,0.0
69,3.5641575e+18,3.5245734662685076e+18,3.958403373149166e+16,-0.5631226055079317,1702500000000000.0,1684086541977309.2,18413458022690.72,-27.0,12300000000000.0,12163318358936.953,136681641063.04631,0.0,4000000000000.0,3956429988830.919,43570011169.080986,-19.999999999999908,6000000000000.0,5933655712408.382,66344287591.61808,-5.0000000000001315,4200000000000.0,4154568748024.9253,45431251975.07504,-26.870485492545004,18100000000000.0,17898866853395.027,201133146604.9706,0.0
70,3.5658825e+18,3.5262798094286945e+18,3.960269057130469e+16,-0.5759144136755202,1725000000000000.0,1706343192311811.0,18656807688188.832,-27.0,12300000000000.0,12163318358936.953,136681641063.04631,0.0,4000000000000.0,3956429988830.919,43570011169.080986,-19.999999999999908,6000000000000.0,5933655712408.382,66344287591.61808,-5.0000000000001315,4200000000000.0,4154569331616.0093,45430668383.990555,-26.883122605507932,18100000000000.0,17898866853395.027,201133146604.9706,0.0
71,3.56763e+18,3.5280084092386253e+18,3.9621590761373944e+16,-0.5888604503140372,1747500000000000.0,1728599842646313.0,18900157353686.95,-27.0,12300000000000.0,12163318358936.953,136681641063.04631,0.0,4000000000000.0,3956429988830.919,43570011169.080986,-19.999999999999908,6000000000000.0,5933655712408.382,66344287591.61808,-5.0000000000001315,4200000000000.0,4154569922351.1978,45430077648.80184,-26.89591441367552,18100000000000.0,17898866853395.027,201133146604.9706,0.0
72,3.5694e+18,3.5297592656982927e+18,3.964073430170656e+16,-0.6019602437633893,1770000000000000.0,1750856492980814.8,19143507019185.062,-27.0,12300000000000.0,12163318358936.953,136681641063.04631,0.0,4000000000000.0,3956429988830.919,43570011169.080986,-19.999999999999908,6000000000000.0,5933655712408.382,66344287591.61808,-5.0000000000001315,4200000000000.0,4154570520208.9434,45429479791.05691,-26.908860450314037,18100000000000.0,17898866853395.027,201133146604.9706,0.0
73,3.5711925e+18,3.5315323788076897e+18,3.966012119230963e+16,-0.6152133174801934,1792500000000000.0,1773113143315316.8,19386856684683.18,-27.0,12300000000000.0,12163318358936.953,136681641063.04631,0.0,4000000000000.0,3956429988830.919,43570011169.080986,-19.999999999999908,6000000000000.0,5933655712408.382,66344287591.61808,-5.0000000000001315,4200000000000.0,4154571125167.4688,45428874832.531235,-26.92196024376339,18100000000000.0,17898866853395.027,201133146604.9706,0.0
74,3.5730075e+18,3.533327748566809e+18,3.967975143319024e+16,-0.6286191900783759,1815000000000000.0,1795369793649818.5,19630206350181.293,-27.0,12300000000000.0,12163318358936.953,136681641063.04631,0.0,4000000000000.0,3956429988830.919,43570011169.080986,-19.999999999999908,6000000000000.0,5933655712408.382,66344287591.61808,-5.0000000000001315,4200000000000.0,4154571737204.774,45428262795.225746,-26.935213317480347,18100000000000.0,17898866853395.027,201133146604.9706,0.0
75,3.574845e+18,3.5351453749756436e+18,3.969962502435544e+16,-0.6421773753727068,1837500000000000.0,1817626443984320.5,19873556015679.41,-27.0,12300000000000.0,12163318358936.953,136681641063.04631,0.0,4000000000000.0,3956429988830.919,43570011169.080986,-19.999999999999908,6000000000000.0,5933655712408.382,66344287591.61808,-5.0000000000001315,4200000000000.0,4154572356298.6353,45427643701.36503,-26.948619190078375,18100000000000.0,17898866853395.027,201133146604.9706,0.0
76,3.576705e+18,3.536985258034187e+18,3.9719741965812264e+16,-0.6558873824209435,1860000000000000.0,1839883094318822.5,20116905681177.523,-27.0,12300000000000.0,12163318358936.953,136681641063.04631,0.0,4000000000000.0,3956429988830.919,43570011169.080986,-19.999999999999908,6000000000000.0,5933655712408.382,66344287591.61808,-5.0000000000001315,4200000000000.0,4154572982426.605,45427017573.39515,-26.96217737537286,18100000000000.0,17898866853395.027,201133146604.9706,0.0
77,3.5785875e+18,3.538847397742431e+18,3.974010225756773e+16,-0.6697487155675179,1882500000000000.0,1862139744653324.2,20360255346675.64,-27.0,12300000000000.0,12163318358936.953,136681641063.04631,0.0,4000000000000.0,3956429988830.919,43570011169.080986,-19.999999999999908,6000000000000.0,5933655712408.382,66344287591.61808,-5.0000000000001315,4200000000000.0,4154573615566.018,45426384433.98192,-26.97588738242079,18100000000000.0,17898866853395.027,201133146604.9706,0.0
78,3.5804925e+18,3.54073179410037e+18,3.976070589962882e+16,-0.6837608744861441,1905000000000000.0,1884396394987826.2,20603605012173.754,-27.0,12300000000000.0,12163318358936.953,136681641063.04631,0.0,4000000000000.0,3956429988830.919,43570011169.080986,-19.999999999999908,6000000000000.0,5933655712408.382,66344287591.61808,-5.0000000000001315,4200000000000.0,4154574255693.9917,45425744306.00869,-26.98974871556752,18100000000000.0,17898866853395.027,201133146604.9706,0.0
79,3.58242e+18,3.542638447107996e+18,3.97815528920025e+16,-0.6979233542242774,1927500000000000.0,1906653045322328.0,20846954677671.87,-27.0,12300000000000.0,12163318358936.953,136681641063.04631,0.0,4000000000000.0,3956429988830.919,43570011169.080986,-19.999999999999908,6000000000000.0,5933655712408.382,66344287591.61808,-5.0000000000001315,4200000000000.0,4154574902787.4253,45425097212.57449,-27.003760874486144,18100000000000.0,17898866853395.027,201133146604.9706,0.0
80,3.58437e+18,3.544567356765303e+18,3.9802643234695704e+16,-0.7122356452468024,1950000000000000.0,1928909695656830.0,21090304343169.984,-27.0,12300000000000.0,12163318358936.953,136681641063.04631,0.0,4000000000000.0,3956429988830.919,43570011169.080986,-19.999999999999908,6000000000000.0,5933655712408.382,66344287591.61808,-5.0000000000001315,4200000000000.0,4154575556823.008,45424443176.99198,-27.017923354224276,18100000000000.0,17898866853395.027,201133146604.9706,0.0
81,3.5863425e+18,3.546518523072283e+18,3.982397692771537e+16,-0.7266972334803374,1972500000000000.0,1951166345991331.8,21333654008668.1,-27.0,12300000000000.0,12163318358936.953,136681641063.04631,0.0,4000000000000.0,3956429988830.919,43570011169.080986,-19.999999999999908,6000000000000.0,5933655712408.382,66344287591.61808,-5.0000000000001315,4200000000000.0,4154576217777.2144,45423782222.78539,-27.032235645246804,18100000000000.0,17898866853395.027,201133146604.9706,0.0
82,3.5883375e+18,3.54849194602893e+18,3.9845553971068376e+16,-0.7413076003578494,1995000000000000.0,1973422996325833.8,21577003674166.215,-27.0,12300000000000.0,12163318358936.953,136681641063.04631,0.0,4000000000000.0,3956429988830.919,43570011169.080986,-19.999999999999908,6000000000000.0,5933655712408.382,66344287591.61808,-5.0000000000001315,4200000000000.0,4154576885626.3115,45423114373.68847,-27.046697233480337,18100000000000.0,17898866853395.027,201133146604.9706,0.0
83,3.590355e+18,3.550487625635237e+18,3.986737436476161e+16,-0.7560662228631124,2017500000000000.0,1995679646660335.5,21820353339664.332,-27.0,12300000000000.0,12163318358936.953,136681641063.04631,0.0,4000000000000.0,3956429988830.919,43570011169.080986,-19.999999999999908,6000000000000.0,5933655712408.382,66344287591.61808,-5.0000000000001315,4200000000000.0,4154577560346.3574,45422439653.64249,-27.061307600358003,18100000000000.0,17898866853395.027,201133146604.9706,0.0
84,3.592395e+18,3.5525055618911964e+18,3.98894381088019e+16,-0.7709725735770202,2040000000000000.0,2017936296994837.5,22063703005162.445,-27.0,12300000000000.0,12163318358936.953,136681641063.04631,0.0,4000000000000.0,3956429988830.919,43570011169.080986,-19.999999999999908,6000000000000.0,5933655712408.382,66344287591.61808,-5.0000000000001315,4200000000000.0,4154578241913.206,45421758086.79412,-27.076066222863112,18100000000000.0,17898866853395.027,201133146604.9706,0.0
85,3.5944575e+18,3.554545754796802e+18,3.991174520319609e+16,-0.7860261207214281,2062500000000000.0,2040192947329339.2,22307052670660.562,-27.0,12300000000000.0,12163318358936.953,136681641063.04631,0.0,4000000000000.0,3956429988830.919,43570011169.080986,-19.999999999999908,6000000000000.0,5933655712408.382,66344287591.61808,-5.0000000000001315,4200000000000.0,4154578930302.5063,45421069697.49333,-27.09097257357702,18100000000000.0,17898866853395.027,201133146604.9706,0.0
86,3.5965425e+18,3.556608204352047e+18,3.993429564795095e+16,-0.8012263282062367,2085000000000000.0,2062449597663841.2,22550402336158.676,-27.0,12300000000000.0,12163318358936.953,136681641063.04631,0.0,4000000000000.0,3956429988830.919,43570011169.080986,-19.999999999999908,6000000000000.0,5933655712408.382,66344287591.61808,-5.0000000000001315,4200000000000.0,4154579625489.7085,45420374510.29138,-27.106026120721584,18100000000000.0,17898866853395.027,201133146604.9706,0.0
87,3.59865e+18,3.558692910556925e+18,3.995708944307328e+16,-0.8165726556741607,2107500000000000.0,2084706247998343.0,22793752001656.793,-27.0,12300000000000.0,12163318358936.953,136681641063.04631,0.0,4000000000000.0,3956429988830.919,43570011169.080986,-19.999999999999908,6000000000000.0,5933655712408.382,66344287591.61808,-5.0000000000001315,4200000000000.0,4154580327450.061,45419672549.93861,-27.121226328206237,18100000000000.0,17898866853395.027,201133146604.9706,0.0
88,3.60078e+18,3.5607998734114284e+18,3.9980126588569816e+16,-0.8320645585471943,2130000000000000.0,2106962898332845.0,23037101667154.906,-27.0,12300000000000.0,12163318358936.953,136681641063.04631,0.0,4000000000000.0,3956429988830.919,43570011169.080986,-19.999999999999908,6000000000000.0,5933655712408.382,66344287591.61808,-5.0000000000001315,4200000000000.0,4154581036158.6177,45418963841.38238,-27.136572655674314,18100000000000.0,17898866853395.027,201133146604.9706,0.0
89,3.6029325e+18,3.5629290929155507e+18,4.000340708444728e+16,-0.8477014880735413,2152500000000000.0,2129219548667346.8,23280451332653.023,-27.0,12300000000000.0,12163318358936.953,136681641063.04631,0.0,4000000000000.0,3956429988830.919,43570011169.080986,-19.999999999999908,6000000000000.0,5933655712408.382,66344287591.61808,-5.0000000000001315,4200000000000.0,4154581751590.2354,45418248409.76495,-27.152064558547195,18100000000000.0,17898866853395.027,201133146604.9706,0.0
90,3.6051075e+18,3.5650805690692854e+18,4.002693093071237e+16,-0.8634828913736186,2175000000000000.0,2151476199001848.8,23523800998151.137,-27.0,12300000000000.0,12163318358936.953,136681641063.04631,0.0,4000000000000.0,3956429988830.919,43570011169.080986,-19.999999999999908,6000000000000.0,5933655712408.382,66344287591.61808,-5.0000000000001315,4200000000000.0,4154582473719.5786,45417526280.42131,-27.167701488073387,18100000000000.0,17898866853395.027,201133146604.9706,0.0
91,3.607305e+18,3.567254301872626e+18,4.005069812737176e+16,-0.8794082114869848,2197500000000000.0,2173732849336350.8,23767150663649.254,-27.0,12300000000000.0,12163318358936.953,136681641063.04631,0.0,4000000000000.0,3956429988830.919,43570011169.080986,-19.999999999999908,6000000000000.0,5933655712408.382,66344287591.61808,-5.0000000000001315,4200000000000.0,4154583202521.123,45416797478.877,-27.183482891373618,18100000000000.0,17898866853395.027,201133146604.9706,0.0
92,3.609525e+18,3.569450291325566e+18,4.00747086744321e+16,-0.8954768874192706,2220000000000000.0,2195989499670852.5,24010500329147.367,-27.0,12300000000000.0,12163318358936.953,136681641063.04631,0.0,4000000000000.0,3956429988830.919,43570011169.080986,-19.999999999999908,6000000000000.0,5933655712408.382,66344287591.61808,-5.0000000000001315,4200000000000.0,4154583937969.154,45416062030.84605,-27.199408211486986,18100000000000.0,17898866853395.027,201133146604.9706,0.0
93,3.6117675e+18,3.571668537428098e+18,4.00989625719e+16,-0.911688354189725,2242500000000000.0,2218246150005354.5,24253849994645.484,-27.0,12300000000000.0,12163318358936.953,136681641063.04631,0.0,4000000000000.0,3956429988830.919,43570011169.080986,-19.999999999999908,6000000000000.0,5933655712408.382,66344287591.61808,-5.0000000000001315,4200000000000.0,4154584680037.7715,45415319962.228714,-27.21547688741927,18100000000000.0,17898866853395.027,201133146604.9706,0.0
94,3.6140325e+18,3.573909040180216e+18,4.012345981978206e+16,-0.9280420428784546,2265000000000000.0,2240502800339856.2,24497199660143.598,-27.0,12300000000000.0,12163318358936.953,136681641063.04631,0.0,4000000000000.0,3956429988830.919,43570011169.080986,-19.999999999999908,6000000000000.0,5933655712408.382,66344287591.61808,-5.0000000000001315,4200000000000.0,4154585428700.891,45414571299.109314,-27.23168835418988,18100000000000.0,17898866853395.027,201133146604.9706,0.0
95,3.61632e+18,3.576171799581913e+18,4.0148200418084856e+16,-0.9445373806742776,2287500000000000.0,2262759450674358.0,24740549325641.715,-27.0,12300000000000.0,12163318358936.953,136681641063.04631,0.0,4000000000000.0,3956429988830.919,43570011169.080986,-19.999999999999908,6000000000000.0,5933655712408.382,66344287591.61808,-5.0000000000001315,4200000000000.0,4154586183932.2456,45413816067.754105,-27.248042042878456,18100000000000.0,17898866853395.027,201133146604.9706,0.0
96,3.61863e+18,3.578456815633183e+18,4.017318436681492e+16,-0.9611737909219638,2310000000000000.0,2285016101008860.0,24983898991139.83,-27.0,12300000000000.0,12163318358936.953,136681641063.04631,0.0,4000000000000.0,3956429988830.919,43570011169.080986,-19.999999999999908,6000000000000.0,5933655712408.382,66344287591.61808,-5.0000000000001315,4200000000000.0,4154586945705.391,45413054294.60895,-27.264537380674433,18100000000000.0,17898866853395.027,201133146604.9706,0.0
97,3.6209625e+18,3.5807640883340196e+18,4.019841166597877e+16,-0.9779506931710156,2332500000000000.0,2307272751343362.0,25227248656637.945,-27.0,12300000000000.0,12163318358936.953,136681641063.04631,0.0,4000000000000.0,3956429988830.919,43570011169.080986,-19.999999999999908,6000000000000.0,5933655712408.382,66344287591.61808,-5.0000000000001315,4200000000000.0,4154587713993.7026,45412286006.29729,-27.281173790921965,18100000000000.0,17898866853395.027,201133146604.9706,0.0
98,3.6233175e+18,3.5830936176844155e+18,4.02238823155829e+16,-0.9948675032230605,2355000000000000.0,2329529401677864.0,25470598322136.06,-27.0,12300000000000.0,12163318358936.953,136681641063.04631,0.0,4000000000000.0,3956429988830.919,43570011169.080986,-19.999999999999908,6000000000000.0,5933655712408.382,66344287591.61808,-5.0000000000001315,4200000000000.0,4154588488770.3823,45411511229.61773,-27.297950693171018,18100000000000.0,17898866853395.027,201133146604.9706,0.0
99,3.625695e+18,3.585445403684365e+18,4.024959631563376e+16,-1.0119236331806338,2377500000000000.0,2351786052012365.5,25713947987634.176,-27.0,12300000000000.0,12163318358936.953,136681641063.04631,0.0,4000000000000.0,3956429988830.919,43570011169.080986,-19.999999999999908,6000000000000.0,5933655712408.382,66344287591.61808,-5.0000000000001315,4200000000000.0,4154589270008.458,45410729991.542,-27.31486750322306,18100000000000.0,17898866853395.027,201133146604.9706,0.0
