Elevation [yr],CumSum [dimensionless],CumSum [dimensionless]
-9000,1.59E-06,1.59E-06
-8990,2.99E-06,2.99E-06
-8980,3.90E-06,3.90E-06
-8970,5.88E-06,5.88E-06
-8960,7.98E-06,7.98E-06
-8950,9.26E-06,9.26E-06
-8940,1.04E-05,1.04E-05
-8930,1.18E-05,1.18E-05
-8920,1.38E-05,1.38E-05
-8910,1.54E-05,1.54E-05
-8900,1.65E-05,1.65E-05
-8890,1.75E-05,1.75E-05
-8880,1.92E-05,1.92E-05
-8870,1.99E-05,1.99E-05
-8860,2.12E-05,2.12E-05
-8850,2.28E-05,2.28E-05
-8840,2.41E-05,2.41E-05
-8830,2.54E-05,2.54E-05
-8820,2.66E-05,2.66E-05
-8810,2.89E-05,2.89E-05
-8800,3.02E-05,3.02E-05
-8790,3.15E-05,3.15E-05
-8780,3.41E-05,3.41E-05
-8770,3.63E-05,3.63E-05
-8760,3.71E-05,3.71E-05
-8750,3.75E-05,3.75E-05
-8740,3.88E-05,3.88E-05
-8730,4.03E-05,4.03E-05
-8720,4.18E-05,4.18E-05
-8710,4.33E-05,4.33E-05
-8700,4.52E-05,4.52E-05
-8690,4.64E-05,4.64E-05
-8680,4.84E-05,4.84E-05
-8670,5.03E-05,5.03E-05
-8660,5.14E-05,5.14E-05
-8650,5.30E-05,5.30E-05
-8640,5.48E-05,5.48E-05
-8630,5.65E-05,5.65E-05
-8620,5.80E-05,5.80E-05
-8610,6.00E-05,6.00E-05
-8600,6.19E-05,6.19E-05
-8590,6.32E-05,6.32E-05
-8580,6.49E-05,6.49E-05
-8570,6.77E-05,6.77E-05
-8560,6.94E-05,6.94E-05
-8550,7.17E-05,7.17E-05
-8540,7.42E-05,7.42E-05
-8530,7.57E-05,7.57E-05
-8520,7.75E-05,7.75E-05
-8510,8.04E-05,8.04E-05
-8500,8.29E-05,8.29E-05
-8490,8.55E-05,8.55E-05
-8480,8.82E-05,8.82E-05
-8470,9.08E-05,9.08E-05
-8460,9.18E-05,9.18E-05
-8450,9.49E-05,9.49E-05
-8440,9.72E-05,9.72E-05
-8430,9.94E-05,9.94E-05
-8420,0.000101997499821078,0.000101997499821078
-8410,0.000105260564069174,0.000105260564069174
-8400,0.000108226885442985,0.000108226885442985
-8390,0.000111482648447995,0.000111482648447995
-8380,0.000113500830538142,0.000113500830538142
-8370,0.000115548867465486,0.000115548867465486
-8360,0.000118735462463667,0.000118735462463667
-8350,0.000122042552628249,0.000122042552628249
-8340,0.000124845573882426,0.000124845573882426
-8330,0.000128211692252793,0.000128211692252793
-8320,0.000130233309686904,0.000130233309686904
-8310,0.000132288971105043,0.000132288971105043
-8300,0.000134392952394122,0.000134392952394122
-8290,0.00013713148474658,0.00013713148474658
-8280,0.000139565999607782,0.000139565999607782
-8270,0.000143391880943674,0.000143391880943674
-8260,0.000146091600588806,0.000146091600588806
-8250,0.000148249683378255,0.000148249683378255
-8240,0.000151939580184456,0.000151939580184456
-8230,0.000154643460627287,0.000154643460627287
-8220,0.000156943989681357,0.000156943989681357
-8210,0.000159319253644389,0.000159319253644389
-8200,0.000161577330140514,0.000161577330140514
-8190,0.000163635288663649,0.000163635288663649
-8180,0.000166664476258343,0.000166664476258343
-8170,0.000169260351371434,0.000169260351371434
-8160,0.000171952765698412,0.000171952765698412
-8150,0.000175378062660552,0.000175378062660552
-8140,0.000177486083923872,0.000177486083923872
-8130,0.000180948078977874,0.000180948078977874
-8120,0.000183511276690871,0.000183511276690871
-8110,0.000186145515926169,0.000186145515926169
-8100,0.0001892825417367,0.0001892825417367
-8090,0.000192952847281879,0.000192952847281879
-8080,0.000196212819379641,0.000196212819379641
-8070,0.000197982933381621,0.000197982933381621
-8060,0.000199799709047641,0.000199799709047641
-8050,0.000204129623125801,0.000204129623125801
-8040,0.000206986629162423,0.000206986629162423
-8030,0.000209767325723302,0.000209767325723302
-8020,0.000213145325933681,0.000213145325933681
-8010,0.000216592006508165,0.000216592006508165
-8000,0.00021967735302264,0.00021967735302264
-7990,0.000222389707283263,0.000222389707283263
-7980,0.000225118752940619,0.000225118752940619
-7970,0.000228805981324091,0.000228805981324091
-7960,0.000231888126307535,0.000231888126307535
-7950,0.000235656017269999,0.000235656017269999
-7940,0.000239008237992591,0.000239008237992591
-7930,0.000242104729092866,0.000242104729092866
-7920,0.000245628251308549,0.000245628251308549
-7910,0.000248697328631478,0.000248697328631478
-7900,0.000251384155975235,0.000251384155975235
-7890,0.000254701864930726,0.000254701864930726
-7880,0.000257142911436435,0.000257142911436435
-7870,0.000261636230472735,0.000261636230472735
-7860,0.000265973612315743,0.000265973612315743
-7850,0.000271239873354846,0.000271239873354846
-7840,0.000276107311507203,0.000276107311507203
-7830,0.000279443747199538,0.000279443747199538
-7820,0.000283099395378823,0.000283099395378823
-7810,0.000286779961392524,0.000286779961392524
-7800,0.000291322000994846,0.000291322000994846
-7790,0.000296209921596713,0.000296209921596713
-7780,0.000300601991790093,0.000300601991790093
-7770,0.000304873427700798,0.000304873427700798
-7760,0.000309651444628062,0.000309651444628062
-7750,0.000313912108247315,0.000313912108247315
-7740,0.000318464139873775,0.000318464139873775
-7730,0.000322631698075705,0.000322631698075705
-7720,0.000327015260896139,0.000327015260896139
-7710,0.000330792299359684,0.000330792299359684
-7700,0.00033472431841539,0.00033472431841539
-7690,0.000338711825873354,0.000338711825873354
-7680,0.000343411188208056,0.000343411188208056
-7670,0.00034823505726609,0.00034823505726609
-7660,0.000351605712622221,0.000351605712622221
-7650,0.000356341805674224,0.000356341805674224
-7640,0.000360136231189348,0.000360136231189348
-7630,0.000365150905719719,0.000365150905719719
-7620,0.000368640832359566,0.000368640832359566
-7610,0.000374068193735762,0.000374068193735762
-7600,0.000378888757781977,0.000378888757781977
-7590,0.000382659227792353,0.000382659227792353
-7580,0.000387947736296407,0.000387947736296407
-7570,0.000392999157887055,0.000392999157887055
-7560,0.000397441550125965,0.000397441550125965
-7550,0.000402739503468074,0.000402739503468074
-7540,0.000407427678084531,0.000407427678084531
-7530,0.000411933097129139,0.000411933097129139
-7520,0.000418203053526204,0.000418203053526204
-7510,0.000423530847066389,0.000423530847066389
-7500,0.000431161056277584,0.000431161056277584
-7490,0.000435869522323416,0.000435869522323416
-7480,0.000442297120751269,0.000442297120751269
-7470,0.000448175976074191,0.000448175976074191
-7460,0.000456478126042742,0.000456478126042742
-7450,0.000463958358763908,0.000463958358763908
-7440,0.000472005141163015,0.000472005141163015
-7430,0.000478422798361962,0.000478422798361962
-7420,0.000486494641678497,0.000486494641678497
-7410,0.000494624634434146,0.000494624634434146
-7400,0.000499158424601754,0.000499158424601754
-7390,0.000505914616230189,0.000505914616230189
-7380,0.000511989704597971,0.000511989704597971
-7370,0.000518539523248901,0.000518539523248901
-7360,0.00052458630693693,0.00052458630693693
-7350,0.000530783331017953,0.000530783331017953
-7340,0.000538763526643421,0.000538763526643421
-7330,0.000546060225638451,0.000546060225638451
-7320,0.000554560259372963,0.000554560259372963
-7310,0.000563845599989273,0.000563845599989273
-7300,0.00057308601381758,0.00057308601381758
-7290,0.000580948464007546,0.000580948464007546
-7280,0.000588961103608511,0.000588961103608511
-7270,0.000596037671057108,0.000596037671057108
-7260,0.000606311474345148,0.000606311474345148
-7250,0.000617020778550193,0.000617020778550193
-7240,0.000624530029262034,0.000624530029262034
-7230,0.000633737095773078,0.000633737095773078
-7220,0.000642965172816042,0.000642965172816042
-7210,0.000653186785328252,0.000653186785328252
-7200,0.000662713254913449,0.000662713254913449
-7190,0.000673451321592378,0.000673451321592378
-7180,0.000682868019411807,0.000682868019411807
-7170,0.000690830843183345,0.000690830843183345
-7160,0.000699449285938769,0.000699449285938769
-7150,0.000709187816000457,0.000709187816000457
-7140,0.000718035051584899,0.000718035051584899
-7130,0.000726425145878027,0.000726425145878027
-7120,0.000735250106249186,0.000735250106249186
-7110,0.000743905040030197,0.000743905040030197
-7100,0.000755411746365952,0.000755411746365952
-7090,0.000762359433106638,0.000762359433106638
-7080,0.000771519510182188,0.000771519510182188
-7070,0.000781285111995337,0.000781285111995337
-7060,0.000791666035537055,0.000791666035537055
-7050,0.000799430567079273,0.000799430567079273
-7040,0.00080901107675104,0.00080901107675104
-7030,0.00081877378844227,0.00081877378844227
-7020,0.00082983058379453,0.00082983058379453
-7010,0.000839080473337373,0.000839080473337373
-7000,0.000848018610965903,0.000848018610965903
-6990,0.000856703051469799,0.000856703051469799
-6980,0.000866097752054139,0.000866097752054139
-6970,0.000874706486399281,0.000874706486399281
-6960,0.000883746968053372,0.000883746968053372
-6950,0.000894503906660082,0.000894503906660082
-6940,0.000904961031874706,0.000904961031874706
-6930,0.000913788926772973,0.000913788926772973
-6920,0.000925674226507719,0.000925674226507719
-6910,0.000938037326838935,0.000938037326838935
-6900,0.000947831841898145,0.000947831841898145
-6890,0.00095853263505917,0.00095853263505917
-6880,0.000971112088804944,0.000971112088804944
-6870,0.000982182837246356,0.000982182837246356
-6860,0.000992649949404198,0.000992649949404198
-6850,0.00100348604587742,0.00100348604587742
-6840,0.00101503665348323,0.00101503665348323
-6830,0.00102509600660427,0.00102509600660427
-6820,0.00103581660261223,0.00103581660261223
-6810,0.00104951013595999,0.00104951013595999
-6800,0.00106059937356411,0.00106059937356411
-6790,0.00107097816554051,0.00107097816554051
-6780,0.00108155130361774,0.00108155130361774
-6770,0.00109568316450512,0.00109568316450512
-6760,0.00110668659782451,0.00110668659782451
-6750,0.00111934290191765,0.00111934290191765
-6740,0.0011322248607713,0.0011322248607713
-6730,0.00114418829428305,0.00114418829428305
-6720,0.00116089999309895,0.00116089999309895
-6710,0.00117483978480615,0.00117483978480615
-6700,0.00119040811957933,0.00119040811957933
-6690,0.0012029086390723,0.0012029086390723
-6680,0.00121728917569889,0.00121728917569889
-6670,0.00123313237486524,0.00123313237486524
-6660,0.00124946160796013,0.00124946160796013
-6650,0.00126538752021077,0.00126538752021077
-6640,0.00127796988559136,0.00127796988559136
-6630,0.00129368039954599,0.00129368039954599
-6620,0.00130780844646576,0.00130780844646576
-6610,0.00132041811354645,0.00132041811354645
-6600,0.00133650079606717,0.00133650079606717
-6590,0.00135419242345926,0.00135419242345926
-6580,0.00137194471266027,0.00137194471266027
-6570,0.00138652802784094,0.00138652802784094
-6560,0.00140109459045561,0.00140109459045561
-6550,0.0014157569548893,0.0014157569548893
-6540,0.00143309699420785,0.00143309699420785
-6530,0.00144872883844129,0.00144872883844129
-6520,0.0014669776418415,0.0014669776418415
-6510,0.00148396616379161,0.00148396616379161
-6500,0.00150276861814732,0.00150276861814732
-6490,0.00152266085747369,0.00152266085747369
-6480,0.00154530843828604,0.00154530843828604
-6470,0.00156328935986162,0.00156328935986162
-6460,0.00158591767387164,0.00158591767387164
-6450,0.00160916473641773,0.00160916473641773
-6440,0.00163451600271229,0.00163451600271229
-6430,0.00165748656940249,0.00165748656940249
-6420,0.00167758120811559,0.00167758120811559
-6410,0.00170680734735602,0.00170680734735602
-6400,0.00173465190945018,0.00173465190945018
-6390,0.0017604441010249,0.0017604441010249
-6380,0.00179405706586693,0.00179405706586693
-6370,0.00182766602101527,0.00182766602101527
-6360,0.00186109343899303,0.00186109343899303
-6350,0.00189619572373209,0.00189619572373209
-6340,0.00193426184095498,0.00193426184095498
-6330,0.00197202587242957,0.00197202587242957
-6320,0.00201012473467195,0.00201012473467195
-6310,0.00205138988269727,0.00205138988269727
-6300,0.00209302513112031,0.00209302513112031
-6290,0.0021431215664083,0.0021431215664083
-6280,0.00219804158938931,0.00219804158938931
-6270,0.00226350045503605,0.00226350045503605
-6260,0.00233768009161445,0.00233768009161445
-6250,0.00240629395519338,0.00240629395519338
-6240,0.00247704610471476,0.00247704610471476
-6230,0.00255698397036592,0.00255698397036592
-6220,0.00264013279675013,0.00264013279675013
-6210,0.00273226547864068,0.00273226547864068
-6200,0.00282262281672485,0.00282262281672485
-6190,0.00292587878939338,0.00292587878939338
-6180,0.00303662149874482,0.00303662149874482
-6170,0.00315917983870402,0.00315917983870402
-6160,0.00328644302905161,0.00328644302905161
-6150,0.00342102006256312,0.00342102006256312
-6140,0.00356111694891687,0.00356111694891687
-6130,0.00371574921409202,0.00371574921409202
-6120,0.00388538665948145,0.00388538665948145
-6110,0.00408369336815991,0.00408369336815991
-6100,0.00429023503906663,0.00429023503906663
-6090,0.00450372090738418,0.00450372090738418
-6080,0.00474263742692625,0.00474263742692625
-6070,0.00498838001561607,0.00498838001561607
-6060,0.00526179136298355,0.00526179136298355
-6050,0.00555191624224592,0.00555191624224592
-6040,0.00586484391098386,0.00586484391098386
-6030,0.00620302229198205,0.00620302229198205
-6020,0.00655252443612983,0.00655252443612983
-6010,0.00692497755492004,0.00692497755492004
-6000,0.00730991101331479,0.00730991101331479
-5990,0.00771617140901498,0.00771617140901498
-5980,0.00813180561040741,0.00813180561040741
-5970,0.00856152980582934,0.00856152980582934
-5960,0.00899238081681586,0.00899238081681586
-5950,0.00945791929836865,0.00945791929836865
-5940,0.00993124587948286,0.00993124587948286
-5930,0.0104285529805766,0.0104285529805766
-5920,0.0109896184967245,0.0109896184967245
-5910,0.0115614831556493,0.0115614831556493
-5900,0.0121397159924718,0.0121397159924718
-5890,0.0127397524156611,0.0127397524156611
-5880,0.0133373224527029,0.0133373224527029
-5870,0.0139805160851559,0.0139805160851559
-5860,0.014645469120517,0.014645469120517
-5850,0.0153248934015954,0.0153248934015954
-5840,0.0160017435928007,0.0160017435928007
-5830,0.0167214990880328,0.0167214990880328
-5820,0.0174153860495737,0.0174153860495737
-5810,0.0181199377811884,0.0181199377811884
-5800,0.0188636554909199,0.0188636554909199
-5790,0.0196061077792498,0.0196061077792498
-5780,0.0203646431269066,0.0203646431269066
-5770,0.0211540224596098,0.0211540224596098
-5760,0.0219790279678662,0.0219790279678662
-5750,0.0228163820094889,0.0228163820094889
-5740,0.0236923803370734,0.0236923803370734
-5730,0.0245824036190993,0.0245824036190993
-5720,0.0255160630945268,0.0255160630945268
-5710,0.0264805923577,0.0264805923577
-5700,0.0274798924507624,0.0274798924507624
-5690,0.0285022310394292,0.0285022310394292
-5680,0.0295555137934657,0.0295555137934657
-5670,0.0306027187558634,0.0306027187558634
-5660,0.0316960465348717,0.0316960465348717
-5650,0.0327896745011343,0.0327896745011343
-5640,0.0338940676814296,0.0338940676814296
-5630,0.0350393387835337,0.0350393387835337
-5620,0.0361981964140959,0.0361981964140959
-5610,0.0373845230028951,0.0373845230028951
-5600,0.038579613841919,0.038579613841919
-5590,0.0397996783080251,0.0397996783080251
-5580,0.0410987911964365,0.0410987911964365
-5570,0.0424370066327287,0.0424370066327287
-5560,0.0437484234083167,0.0437484234083167
-5550,0.0450723862989498,0.0450723862989498
-5540,0.0464219083386799,0.0464219083386799
-5530,0.0478326878556329,0.0478326878556329
-5520,0.0492633305700566,0.0492633305700566
-5510,0.0507009236161589,0.0507009236161589
-5500,0.0521878217376776,0.0521878217376776
-5490,0.0536964658120626,0.0536964658120626
-5480,0.0552106216820566,0.0552106216820566
-5470,0.056738704992807,0.056738704992807
-5460,0.0583477877983181,0.0583477877983181
-5450,0.0599592236404761,0.0599592236404761
-5440,0.0616427763194896,0.0616427763194896
-5430,0.0633684545984367,0.0633684545984367
-5420,0.0651452916156637,0.0651452916156637
-5410,0.066918819851316,0.066918819851316
-5400,0.0686993938672661,0.0686993938672661
-5390,0.0704977840324395,0.0704977840324395
-5380,0.0723418959707443,0.0723418959707443
-5370,0.0741805953712623,0.0741805953712623
-5360,0.0760416708374257,0.0760416708374257
-5350,0.0779305570613876,0.0779305570613876
-5340,0.0798349983888114,0.0798349983888114
-5330,0.0817279787483705,0.0817279787483705
-5320,0.0836310776714847,0.0836310776714847
-5310,0.0855550384535451,0.0855550384535451
-5300,0.0874584327567712,0.0874584327567712
-5290,0.0893930787957902,0.0893930787957902
-5280,0.0913715979166704,0.0913715979166704
-5270,0.0933385352233179,0.0933385352233179
-5260,0.0952932905460419,0.0952932905460419
-5250,0.0972967311270382,0.0972967311270382
-5240,0.0993205734021848,0.0993205734021848
-5230,0.101382598097157,0.101382598097157
-5220,0.103463527654884,0.103463527654884
-5210,0.105589844147179,0.105589844147179
-5200,0.107742703645766,0.107742703645766
-5190,0.109930471290032,0.109930471290032
-5180,0.112185379483435,0.112185379483435
-5170,0.114428968100207,0.114428968100207
-5160,0.116655012307965,0.116655012307965
-5150,0.118802016011286,0.118802016011286
-5140,0.120990398717395,0.120990398717395
-5130,0.123297212725488,0.123297212725488
-5120,0.125575949706741,0.125575949706741
-5110,0.127903061083374,0.127903061083374
-5100,0.130177221696342,0.130177221696342
-5090,0.132439649299907,0.132439649299907
-5080,0.134677290368604,0.134677290368604
-5070,0.136924325733355,0.136924325733355
-5060,0.139201982326446,0.139201982326446
-5050,0.141463078606773,0.141463078606773
-5040,0.143722058585831,0.143722058585831
-5030,0.145909578613731,0.145909578613731
-5020,0.148111427920546,0.148111427920546
-5010,0.1503616303184,0.1503616303184
-5000,0.152622154284885,0.152622154284885
-4990,0.154888589465188,0.154888589465188
-4980,0.157121220993429,0.157121220993429
-4970,0.159326941793063,0.159326941793063
-4960,0.16152886738859,0.16152886738859
-4950,0.163711374881159,0.163711374881159
-4940,0.165920943695872,0.165920943695872
-4930,0.168150480156212,0.168150480156212
-4920,0.170391242068748,0.170391242068748
-4910,0.172561013871666,0.172561013871666
-4900,0.174774104686311,0.174774104686311
-4890,0.176977615744279,0.176977615744279
-4880,0.179191354935237,0.179191354935237
-4870,0.181408843345059,0.181408843345059
-4860,0.183587332827518,0.183587332827518
-4850,0.185758000894612,0.185758000894612
-4840,0.187934385747009,0.187934385747009
-4830,0.190119693239887,0.190119693239887
-4820,0.192313669748346,0.192313669748346
-4810,0.194487860093405,0.194487860093405
-4800,0.196673103868976,0.196673103868976
-4790,0.198828682849581,0.198828682849581
-4780,0.201016325696094,0.201016325696094
-4770,0.2031427354805,0.2031427354805
-4760,0.205287982715082,0.205287982715082
-4750,0.207422909721283,0.207422909721283
-4740,0.209532127016442,0.209532127016442
-4730,0.21166412009631,0.21166412009631
-4720,0.213826128055739,0.213826128055739
-4710,0.215992312749083,0.215992312749083
-4700,0.21818068955073,0.21818068955073
-4690,0.220384171051112,0.220384171051112
-4680,0.222614612510939,0.222614612510939
-4670,0.224871171129407,0.224871171129407
-4660,0.227113013812608,0.227113013812608
-4650,0.229409961000072,0.229409961000072
-4640,0.231705122880077,0.231705122880077
-4630,0.233975537084406,0.233975537084406
-4620,0.236245529761925,0.236245529761925
-4610,0.238524212036794,0.238524212036794
-4600,0.240754406964666,0.240754406964666
-4590,0.24300126901478,0.24300126901478
-4580,0.24526989918711,0.24526989918711
-4570,0.247527029887747,0.247527029887747
-4560,0.249807348142779,0.249807348142779
-4550,0.252093412850469,0.252093412850469
-4540,0.254376899153683,0.254376899153683
-4530,0.256693124151788,0.256693124151788
-4520,0.259039122873507,0.259039122873507
-4510,0.261344000298857,0.261344000298857
-4500,0.263680931318426,0.263680931318426
-4490,0.26607364341815,0.26607364341815
-4480,0.268473141143772,0.268473141143772
-4470,0.270886043627018,0.270886043627018
-4460,0.273299384016506,0.273299384016506
-4450,0.275710077740588,0.275710077740588
-4440,0.278099001367296,0.278099001367296
-4430,0.280545971196083,0.280545971196083
-4420,0.282996536728168,0.282996536728168
-4410,0.285466268532727,0.285466268532727
-4400,0.287883165891993,0.287883165891993
-4390,0.290347700738276,0.290347700738276
-4380,0.292779112653477,0.292779112653477
-4370,0.295209052831264,0.295209052831264
-4360,0.297669891959204,0.297669891959204
-4350,0.300098262037083,0.300098262037083
-4340,0.302501446231156,0.302501446231156
-4330,0.304947243222327,0.304947243222327
-4320,0.307412476750347,0.307412476750347
-4310,0.30986385480337,0.30986385480337
-4300,0.312304186511714,0.312304186511714
-4290,0.314700434112265,0.314700434112265
-4280,0.317040536253374,0.317040536253374
-4270,0.319415417004672,0.319415417004672
-4260,0.321763722474542,0.321763722474542
-4250,0.324110007107161,0.324110007107161
-4240,0.326399841610592,0.326399841610592
-4230,0.328694404452106,0.328694404452106
-4220,0.330992971667625,0.330992971667625
-4210,0.333257970905638,0.333257970905638
-4200,0.335526595425688,0.335526595425688
-4190,0.337761632003343,0.337761632003343
-4180,0.340014254224663,0.340014254224663
-4170,0.342238988637865,0.342238988637865
-4160,0.344437064410805,0.344437064410805
-4150,0.346655051398236,0.346655051398236
-4140,0.348887807164113,0.348887807164113
-4130,0.35109582338453,0.35109582338453
-4120,0.35330411009393,0.35330411009393
-4110,0.355503158628274,0.355503158628274
-4100,0.35768332801405,0.35768332801405
-4090,0.359813686967664,0.359813686967664
-4080,0.361982749227456,0.361982749227456
-4070,0.36413172787133,0.36413172787133
-4060,0.366283718720113,0.366283718720113
-4050,0.368404753259371,0.368404753259371
-4040,0.370508560821994,0.370508560821994
-4030,0.372652945083803,0.372652945083803
-4020,0.37478456191735,0.37478456191735
-4010,0.376886586341259,0.376886586341259
-4000,0.378979254018128,0.378979254018128
-3990,0.381080486376039,0.381080486376039
-3980,0.383153495562524,0.383153495562524
-3970,0.385187051064788,0.385187051064788
-3960,0.387237367972814,0.387237367972814
-3950,0.389240384022639,0.389240384022639
-3940,0.391286418225356,0.391286418225356
-3930,0.393359406737457,0.393359406737457
-3920,0.395378915252735,0.395378915252735
-3910,0.397424165256648,0.397424165256648
-3900,0.399410110876752,0.399410110876752
-3890,0.401396172804785,0.401396172804785
-3880,0.403363041130637,0.403363041130637
-3870,0.405310044900253,0.405310044900253
-3860,0.407317899487428,0.407317899487428
-3850,0.409276855212185,0.409276855212185
-3840,0.4112565277772,0.4112565277772
-3830,0.413239028393688,0.413239028393688
-3820,0.415243323956032,0.415243323956032
-3810,0.417217853155896,0.417217853155896
-3800,0.419170303007802,0.419170303007802
-3790,0.421103630124359,0.421103630124359
-3780,0.423012477305851,0.423012477305851
-3770,0.424891369753499,0.424891369753499
-3760,0.426818363717932,0.426818363717932
-3750,0.42870803072201,0.42870803072201
-3740,0.430590564736414,0.430590564736414
-3730,0.432429490741544,0.432429490741544
-3720,0.43428600868981,0.43428600868981
-3710,0.436139656286559,0.436139656286559
-3700,0.437941548275726,0.437941548275726
-3690,0.439743940816847,0.439743940816847
-3680,0.441567422466779,0.441567422466779
-3670,0.443382742646341,0.443382742646341
-3660,0.445206136963069,0.445206136963069
-3650,0.446964698161705,0.446964698161705
-3640,0.448741727386755,0.448741727386755
-3630,0.450499349465618,0.450499349465618
-3620,0.452265745694014,0.452265745694014
-3610,0.45405527006904,0.45405527006904
-3600,0.455842483234565,0.455842483234565
-3590,0.457602276459342,0.457602276459342
-3580,0.459325921319449,0.459325921319449
-3570,0.461022945107071,0.461022945107071
-3560,0.462734347922577,0.462734347922577
-3550,0.464388572957939,0.464388572957939
-3540,0.466064876964058,0.466064876964058
-3530,0.467704959038846,0.467704959038846
-3520,0.469327760741142,0.469327760741142
-3510,0.470931207270469,0.470931207270469
-3500,0.472530813442081,0.472530813442081
-3490,0.474137793548201,0.474137793548201
-3480,0.475702851013962,0.475702851013962
-3470,0.477257732219368,0.477257732219368
-3460,0.478791517176204,0.478791517176204
-3450,0.480314475525071,0.480314475525071
-3440,0.481851659414322,0.481851659414322
-3430,0.483361851801966,0.483361851801966
-3420,0.484850181345713,0.484850181345713
-3410,0.486338690785302,0.486338690785302
-3400,0.487821480987132,0.487821480987132
-3390,0.489273687660218,0.489273687660218
-3380,0.490738536358964,0.490738536358964
-3370,0.492154676689101,0.492154676689101
-3360,0.493577938279376,0.493577938279376
-3350,0.495012867084176,0.495012867084176
-3340,0.496430832174816,0.496430832174816
-3330,0.497826874729239,0.497826874729239
-3320,0.499195583647964,0.499195583647964
-3310,0.500585634694825,0.500585634694825
-3300,0.501933990526388,0.501933990526388
-3290,0.503281520930152,0.503281520930152
-3280,0.504622461935624,0.504622461935624
-3270,0.505932322176179,0.505932322176179
-3260,0.507241684042524,0.507241684042524
-3250,0.508522722630343,0.508522722630343
-3240,0.509797650605264,0.509797650605264
-3230,0.511073045712934,0.511073045712934
-3220,0.512327554669322,0.512327554669322
-3210,0.513580358011481,0.513580358011481
-3200,0.51484131765878,0.51484131765878
-3190,0.516056436197955,0.516056436197955
-3180,0.517259928782517,0.517259928782517
-3170,0.518418778545161,0.518418778545161
-3160,0.519586902371509,0.519586902371509
-3150,0.520720963939346,0.520720963939346
-3140,0.521832753546856,0.521832753546856
-3130,0.522923202331387,0.522923202331387
-3120,0.524006457443429,0.524006457443429
-3110,0.525068216763077,0.525068216763077
-3100,0.526120948564616,0.526120948564616
-3090,0.527161734755934,0.527161734755934
-3080,0.52820694554579,0.52820694554579
-3070,0.529214818966673,0.529214818966673
-3060,0.530214556516516,0.530214556516516
-3050,0.53122052898836,0.53122052898836
-3040,0.532220511667641,0.532220511667641
-3030,0.533190279700277,0.533190279700277
-3020,0.5341434787208,0.5341434787208
-3010,0.535105572444558,0.535105572444558
-3000,0.536037338498066,0.536037338498066
-2990,0.536970750332636,0.536970750332636
-2980,0.537898548326532,0.537898548326532
-2970,0.538799285307168,0.538799285307168
-2960,0.539709639749407,0.539709639749407
-2950,0.540600211084491,0.540600211084491
-2940,0.541456077709593,0.541456077709593
-2930,0.542308171143735,0.542308171143735
-2920,0.543179212589497,0.543179212589497
-2910,0.544026545002908,0.544026545002908
-2900,0.544882985761779,0.544882985761779
-2890,0.545719296965489,0.545719296965489
-2880,0.546564176738665,0.546564176738665
-2870,0.547398748452877,0.547398748452877
-2860,0.548252443260949,0.548252443260949
-2850,0.549075227244653,0.549075227244653
-2840,0.549895646403972,0.549895646403972
-2830,0.550727974828235,0.550727974828235
-2820,0.551549582660205,0.551549582660205
-2810,0.552375178041526,0.552375178041526
-2800,0.55318863505472,0.55318863505472
-2790,0.553977782167691,0.553977782167691
-2780,0.554773197910369,0.554773197910369
-2770,0.555553075081754,0.555553075081754
-2760,0.556329946216358,0.556329946216358
-2750,0.557096813388259,0.557096813388259
-2740,0.557840714557007,0.557840714557007
-2730,0.558557140670121,0.558557140670121
-2720,0.559286086515563,0.559286086515563
-2710,0.559993279150954,0.559993279150954
-2700,0.560690386876622,0.560690386876622
-2690,0.561390546274828,0.561390546274828
-2680,0.562088665449676,0.562088665449676
-2670,0.562755797773603,0.562755797773603
-2660,0.563423775389316,0.563423775389316
-2650,0.564079746059285,0.564079746059285
-2640,0.564724469875357,0.564724469875357
-2630,0.565364201420341,0.565364201420341
-2620,0.56600321514995,0.56600321514995
-2610,0.56662649402795,0.56662649402795
-2600,0.567251554113547,0.567251554113547
-2590,0.567842138908167,0.567842138908167
-2580,0.568446893179635,0.568446893179635
-2570,0.569038896181608,0.569038896181608
-2560,0.5696202592511,0.5696202592511
-2550,0.570178771682986,0.570178771682986
-2540,0.570735260566623,0.570735260566623
-2530,0.571287926998441,0.571287926998441
-2520,0.571865539125381,0.571865539125381
-2510,0.572406954137958,0.572406954137958
-2500,0.572968498857607,0.572968498857607
-2490,0.57351960775726,0.57351960775726
-2480,0.574058647589782,0.574058647589782
-2470,0.574583951190975,0.574583951190975
-2460,0.575102422031206,0.575102422031206
-2450,0.575626176030036,0.575626176030036
-2440,0.576160102949297,0.576160102949297
-2430,0.576688891273689,0.576688891273689
-2420,0.577201555113371,0.577201555113371
-2410,0.577714823895981,0.577714823895981
-2400,0.578231431726922,0.578231431726922
-2390,0.578745475372422,0.578745475372422
-2380,0.579242892530528,0.579242892530528
-2370,0.579740640251157,0.579740640251157
-2360,0.580217735251596,0.580217735251596
-2350,0.580698061489891,0.580698061489891
-2340,0.581165161085156,0.581165161085156
-2330,0.58164042997503,0.58164042997503
-2320,0.582107206775851,0.582107206775851
-2310,0.582565550651167,0.582565550651167
-2300,0.583026522651337,0.583026522651337
-2290,0.583483935656655,0.583483935656655
-2280,0.583946908508485,0.583946908508485
-2270,0.584415784655917,0.584415784655917
-2260,0.584872001384417,0.584872001384417
-2250,0.58533585895363,0.58533585895363
-2240,0.585786562420279,0.585786562420279
-2230,0.586252317278123,0.586252317278123
-2220,0.586725232665983,0.586725232665983
-2210,0.587184122987721,0.587184122987721
-2200,0.58763934380189,0.58763934380189
-2190,0.588093109980768,0.588093109980768
-2180,0.588525221435622,0.588525221435622
-2170,0.588953791126165,0.588953791126165
-2160,0.589379845164293,0.589379845164293
-2150,0.589807960303258,0.589807960303258
-2140,0.590225853049352,0.590225853049352
-2130,0.590654230073849,0.590654230073849
-2120,0.591082980846845,0.591082980846845
-2110,0.591497404376188,0.591497404376188
-2100,0.591911925276147,0.591911925276147
-2090,0.592329571998712,0.592329571998712
-2080,0.592733475783051,0.592733475783051
-2070,0.593143989592422,0.593143989592422
-2060,0.59354541527368,0.59354541527368
-2050,0.593948030587398,0.593948030587398
-2040,0.594340223017975,0.594340223017975
-2030,0.594749380482845,0.594749380482845
-2020,0.595140159346643,0.595140159346643
-2010,0.595532928298599,0.595532928298599
-2000,0.595944035428674,0.595944035428674
-1990,0.596340305871389,0.596340305871389
-1980,0.596727713154949,0.596727713154949
-1970,0.597101602888631,0.597101602888631
-1960,0.597474822700698,0.597474822700698
-1950,0.597856690430669,0.597856690430669
-1940,0.59823248611378,0.59823248611378
-1930,0.598604057209751,0.598604057209751
-1920,0.598973342175036,0.598973342175036
-1910,0.599339398381528,0.599339398381528
-1900,0.59968323753001,0.59968323753001
-1890,0.600047489968713,0.600047489968713
-1880,0.600414340382027,0.600414340382027
-1870,0.600785569360389,0.600785569360389
-1860,0.601165783743397,0.601165783743397
-1850,0.60153048210283,0.60153048210283
-1840,0.601908450183918,0.601908450183918
-1830,0.602273047320499,0.602273047320499
-1820,0.602627286935078,0.602627286935078
-1810,0.602991159590774,0.602991159590774
-1800,0.60334507897913,0.60334507897913
-1790,0.603698768615526,0.603698768615526
-1780,0.604049144130151,0.604049144130151
-1770,0.604391025919535,0.604391025919535
-1760,0.604733104095967,0.604733104095967
-1750,0.605085181166949,0.605085181166949
-1740,0.60542324708869,0.60542324708869
-1730,0.605771896813644,0.605771896813644
-1720,0.606101799026409,0.606101799026409
-1710,0.606433989309394,0.606433989309394
-1700,0.606771358159659,0.606771358159659
-1690,0.607088392771845,0.607088392771845
-1680,0.607417896458692,0.607417896458692
-1670,0.607750114434827,0.607750114434827
-1660,0.608073346793957,0.608073346793957
-1650,0.608408339852276,0.608408339852276
-1640,0.608730276124328,0.608730276124328
-1630,0.6090628443348,0.6090628443348
-1620,0.609376336445597,0.609376336445597
-1610,0.609683776695203,0.609683776695203
-1600,0.609997841696347,0.609997841696347
-1590,0.610326120717795,0.610326120717795
-1580,0.610641827683371,0.610641827683371
-1570,0.610951643302554,0.610951643302554
-1560,0.611260973485592,0.611260973485592
-1550,0.611563976655285,0.611563976655285
-1540,0.611866338037516,0.611866338037516
-1530,0.61216800357668,0.61216800357668
-1520,0.612472731557164,0.612472731557164
-1510,0.612769327276109,0.612769327276109
-1500,0.613065768513374,0.613065768513374
-1490,0.613361162011535,0.613361162011535
-1480,0.6136653855957,0.6136653855957
-1470,0.613959375313331,0.613959375313331
-1460,0.614255408868997,0.614255408868997
-1450,0.614560348763083,0.614560348763083
-1440,0.614859849285547,0.614859849285547
-1430,0.615161037129824,0.615161037129824
-1420,0.615472657812876,0.615472657812876
-1410,0.615787530354904,0.615787530354904
-1400,0.616098713804485,0.616098713804485
-1390,0.61640291692136,0.61640291692136
-1380,0.616705642313366,0.616705642313366
-1370,0.61700928563518,0.61700928563518
-1360,0.617302218509695,0.617302218509695
-1350,0.617594545679075,0.617594545679075
-1340,0.617899543378822,0.617899543378822
-1330,0.618194326706411,0.618194326706411
-1320,0.618499325271656,0.618499325271656
-1310,0.618782874990975,0.618782874990975
-1300,0.619072170634345,0.619072170634345
-1290,0.619367032500765,0.619367032500765
-1280,0.619669836388554,0.619669836388554
-1270,0.619946027037861,0.619946027037861
-1260,0.620220853283096,0.620220853283096
-1250,0.620520161647799,0.620520161647799
-1240,0.620806390470292,0.620806390470292
-1230,0.62109285686553,0.62109285686553
-1220,0.621380145373624,0.621380145373624
-1210,0.621665748721728,0.621665748721728
-1200,0.621954519701,0.621954519701
-1190,0.62223960370268,0.62223960370268
-1180,0.622516999285607,0.622516999285607
-1170,0.622801294784065,0.622801294784065
-1160,0.623089698993436,0.623089698993436
-1150,0.623366411893617,0.623366411893617
-1140,0.623647836683324,0.623647836683324
-1130,0.623907057707813,0.623907057707813
-1120,0.624177135122806,0.624177135122806
-1110,0.624441962353516,0.624441962353516
-1100,0.624703897897012,0.624703897897012
-1090,0.624965481471757,0.624965481471757
-1080,0.625223636034082,0.625223636034082
-1070,0.625492051253037,0.625492051253037
-1060,0.625758412150754,0.625758412150754
-1050,0.626015407663968,0.626015407663968
-1040,0.626267694775846,0.626267694775846
-1030,0.62652550595261,0.62652550595261
-1020,0.626786104798707,0.626786104798707
-1010,0.627039396501021,0.627039396501021
-1000,0.627283871642784,0.627283871642784
-990,0.62752896120146,0.62752896120146
-980,0.627769563513615,0.627769563513615
-970,0.628002181648137,0.628002181648137
-960,0.628258352347151,0.628258352347151
-950,0.628495862889807,0.628495862889807
-940,0.628735638278396,0.628735638278396
-930,0.628987541282376,0.628987541282376
-920,0.629217768972562,0.629217768972562
-910,0.629464585518924,0.629464585518924
-900,0.629702662294739,0.629702662294739
-890,0.629949945801562,0.629949945801562
-880,0.630183820732935,0.630183820732935
-870,0.630432990319572,0.630432990319572
-860,0.630685402305045,0.630685402305045
-850,0.630947290218992,0.630947290218992
-840,0.631209910758527,0.631209910758527
-830,0.631469686622269,0.631469686622269
-820,0.631733661359544,0.631733661359544
-810,0.631992167517729,0.631992167517729
-800,0.632257783475188,0.632257783475188
-790,0.632510700996225,0.632510700996225
-780,0.632763351210692,0.632763351210692
-770,0.633013277657688,0.633013277657688
-760,0.633267851659172,0.633267851659172
-750,0.633511350032816,0.633511350032816
-740,0.633759577903056,0.633759577903056
-730,0.634016543684452,0.634016543684452
-720,0.634272134929517,0.634272134929517
-710,0.634537185951517,0.634537185951517
-700,0.63480740719347,0.63480740719347
-690,0.635074608961837,0.635074608961837
-680,0.635359748377206,0.635359748377206
-670,0.635635669574045,0.635635669574045
-660,0.635921539742754,0.635921539742754
-650,0.636212974760278,0.636212974760278
-640,0.636523497523454,0.636523497523454
-630,0.636827769731463,0.636827769731463
-620,0.637131462522466,0.637131462522466
-610,0.637454628385861,0.637454628385861
-600,0.637787899950671,0.637787899950671
-590,0.638139628473452,0.638139628473452
-580,0.638504310979077,0.638504310979077
-570,0.638872565972016,0.638872565972016
-560,0.639252264688348,0.639252264688348
-550,0.639647680004265,0.639647680004265
-540,0.640045018376808,0.640045018376808
-530,0.640449316532458,0.640449316532458
-520,0.640858139376147,0.640858139376147
-510,0.641262561771275,0.641262561771275
-500,0.641681421726323,0.641681421726323
-490,0.642115865777487,0.642115865777487
-480,0.642525867982542,0.642525867982542
-470,0.642950291258817,0.642950291258817
-460,0.643383652712607,0.643383652712607
-450,0.643817849547414,0.643817849547414
-440,0.644261953201565,0.644261953201565
-430,0.644724005850974,0.644724005850974
-420,0.645185226230991,0.645185226230991
-410,0.645663784593236,0.645663784593236
-400,0.646131607341985,0.646131607341985
-390,0.646614899667048,0.646614899667048
-380,0.647113643594568,0.647113643594568
-370,0.647613486215101,0.647613486215101
-360,0.648120022488616,0.648120022488616
-350,0.648645582914543,0.648645582914543
-340,0.649185385972782,0.649185385972782
-330,0.649748365743858,0.649748365743858
-320,0.650328505319714,0.650328505319714
-310,0.650939007576528,0.650939007576528
-300,0.651563621155442,0.651563621155442
-290,0.652214673202019,0.652214673202019
-280,0.652875583751886,0.652875583751886
-270,0.653529924649333,0.653529924649333
-260,0.654204357506306,0.654204357506306
-250,0.654896577353434,0.654896577353434
-240,0.655587758740088,0.655587758740088
-230,0.656284770928958,0.656284770928958
-220,0.657010225547297,0.657010225547297
-210,0.657808927529627,0.657808927529627
-200,0.658672593796356,0.658672593796356
-190,0.659584835751826,0.659584835751826
-180,0.660546163987052,0.660546163987052
-170,0.661605475966397,0.661605475966397
-160,0.662764753455849,0.662764753455849
-150,0.664115821422942,0.664115821422942
-140,0.665663708267401,0.665663708267401
-130,0.667336358774245,0.667336358774245
-120,0.669225972368705,0.669225972368705
-110,0.671343545006694,0.671343545006694
-100,0.673705707905186,0.673705707905186
-90,0.676395160230231,0.676395160230231
-80,0.67952637508043,0.67952637508043
-70,0.683183007659843,0.683183007659843
-60,0.687274407816351,0.687274407816351
-50,0.691519225127386,0.691519225127386
-40,0.695865172940122,0.695865172940122
-30,0.70068525863673,0.70068525863673
-20,0.705548793806398,0.705548793806398
-10,0.709557794916904,0.709557794916904
0,0.71447895856749,0.71447895856749
10,0.718654214001719,0.718654214001719
20,0.722680428390547,0.722680428390547
30,0.726617293026164,0.726617293026164
40,0.730862168167563,0.730862168167563
50,0.735466798831254,0.735466798831254
60,0.739805054642957,0.739805054642957
70,0.743860309917012,0.743860309917012
80,0.747950027290754,0.747950027290754
90,0.751995754577205,0.751995754577205
100,0.756149017694842,0.756149017694842
110,0.760304839820151,0.760304839820151
120,0.764435494449597,0.764435494449597
130,0.768553804643768,0.768553804643768
140,0.772565427377111,0.772565427377111
150,0.776496479335394,0.776496479335394
160,0.780175863464389,0.780175863464389
170,0.783773498316354,0.783773498316354
180,0.787224559972899,0.787224559972899
190,0.790555783787358,0.790555783787358
200,0.793833510454288,0.793833510454288
210,0.797038927402749,0.797038927402749
220,0.800067855605774,0.800067855605774
230,0.803066066489716,0.803066066489716
240,0.806004543130414,0.806004543130414
250,0.808942644599744,0.808942644599744
260,0.811985684390471,0.811985684390471
270,0.815113718086795,0.815113718086795
280,0.818200301027418,0.818200301027418
290,0.821331623872323,0.821331623872323
300,0.824349801481672,0.824349801481672
310,0.82725744775914,0.82725744775914
320,0.830137057531437,0.830137057531437
330,0.833057068301104,0.833057068301104
340,0.835861988988698,0.835861988988698
350,0.838573121843546,0.838573121843546
360,0.841176058903519,0.841176058903519
370,0.843735024597463,0.843735024597463
380,0.846304196841974,0.846304196841974
390,0.84896148044329,0.84896148044329
400,0.851567942442365,0.851567942442365
410,0.854117795919616,0.854117795919616
420,0.856560399684539,0.856560399684539
430,0.858875335369648,0.858875335369648
440,0.86107370036182,0.86107370036182
450,0.863220173142177,0.863220173142177
460,0.865332181628869,0.865332181628869
470,0.867426890896359,0.867426890896359
480,0.869369813375415,0.869369813375415
490,0.871237878130042,0.871237878130042
500,0.873019062050945,0.873019062050945
510,0.87475793608566,0.87475793608566
520,0.876457501418924,0.876457501418924
530,0.878112998699954,0.878112998699954
540,0.879726030744419,0.879726030744419
550,0.881283676215251,0.881283676215251
560,0.882801725339799,0.882801725339799
570,0.884278207514172,0.884278207514172
580,0.885711325098298,0.885711325098298
590,0.887099588904403,0.887099588904403
600,0.888445578931625,0.888445578931625
610,0.88977334461447,0.88977334461447
620,0.891075033473631,0.891075033473631
630,0.892316167207564,0.892316167207564
640,0.893512860879359,0.893512860879359
650,0.894707767675275,0.894707767675275
660,0.895852143294246,0.895852143294246
670,0.896978521363283,0.896978521363283
680,0.898081219927638,0.898081219927638
690,0.899147923099891,0.899147923099891
700,0.900230463937676,0.900230463937676
710,0.901289094227897,0.901289094227897
720,0.90229363913293,0.90229363913293
730,0.903243403753309,0.903243403753309
740,0.904196289523987,0.904196289523987
750,0.905129553260954,0.905129553260954
760,0.906069003088886,0.906069003088886
770,0.906972656523416,0.906972656523416
780,0.907852684097316,0.907852684097316
790,0.90874887640508,0.90874887640508
800,0.909608487598779,0.909608487598779
810,0.910448630405933,0.910448630405933
820,0.911285026453229,0.911285026453229
830,0.912116350096375,0.912116350096375
840,0.912935511223662,0.912935511223662
850,0.913735743851239,0.913735743851239
860,0.914522115296627,0.914522115296627
870,0.915325722251709,0.915325722251709
880,0.91612916109368,0.91612916109368
890,0.91690300032502,0.91690300032502
900,0.917721563745493,0.917721563745493
910,0.918516639844681,0.918516639844681
920,0.919319042080177,0.919319042080177
930,0.920128842879734,0.920128842879734
940,0.920952205941868,0.920952205941868
950,0.921764634884647,0.921764634884647
960,0.922527386411582,0.922527386411582
970,0.923308795773112,0.923308795773112
980,0.924079614772111,0.924079614772111
990,0.924856762166899,0.924856762166899
1000,0.925625513498573,0.925625513498573
1010,0.926381703060533,0.926381703060533
1020,0.927144712390377,0.927144712390377
1030,0.927923264979731,0.927923264979731
1040,0.928697025794837,0.928697025794837
1050,0.929456015104449,0.929456015104449
1060,0.930207043914011,0.930207043914011
1070,0.930990993382722,0.930990993382722
1080,0.931767695101066,0.931767695101066
1090,0.93252722462502,0.93252722462502
1100,0.933289965781925,0.933289965781925
1110,0.934021985100445,0.934021985100445
1120,0.934761807598126,0.934761807598126
1130,0.935606000766682,0.935606000766682
1140,0.936325416629928,0.936325416629928
1150,0.937042858555087,0.937042858555087
1160,0.937746320460751,0.937746320460751
1170,0.938435964902468,0.938435964902468
1180,0.939095276440276,0.939095276440276
1190,0.939765913447362,0.939765913447362
1200,0.940429585842898,0.940429585842898
1210,0.941088680205549,0.941088680205549
1220,0.941713879202841,0.941713879202841
1230,0.942294879052455,0.942294879052455
1240,0.942881374983006,0.942881374983006
1250,0.943447584080787,0.943447584080787
1260,0.944031765481432,0.944031765481432
1270,0.944585354419933,0.944585354419933
1280,0.945155871415322,0.945155871415322
1290,0.945707636179271,0.945707636179271
1300,0.946229761307081,0.946229761307081
1310,0.946745883385805,0.946745883385805
1320,0.947268820970194,0.947268820970194
1330,0.947764874762752,0.947764874762752
1340,0.948279137959858,0.948279137959858
1350,0.948771530728233,0.948771530728233
1360,0.949253340057097,0.949253340057097
1370,0.949717502175512,0.949717502175512
1380,0.950178612182622,0.950178612182622
1390,0.950645420612977,0.950645420612977
1400,0.951092385159259,0.951092385159259
1410,0.951530995471122,0.951530995471122
1420,0.951968688822448,0.951968688822448
1430,0.952384035252531,0.952384035252531
1440,0.95279199197604,0.95279199197604
1450,0.95319478912634,0.95319478912634
1460,0.953597076791364,0.953597076791364
1470,0.953996557758266,0.953996557758266
1480,0.954385855728589,0.954385855728589
1490,0.954765023692308,0.954765023692308
1500,0.955133418920988,0.955133418920988
1510,0.955502898517205,0.955502898517205
1520,0.955864236307998,0.955864236307998
1530,0.956226597840352,0.956226597840352
1540,0.95656704289377,0.95656704289377
1550,0.956905617897447,0.956905617897447
1560,0.957247729753066,0.957247729753066
1570,0.957584149210989,0.957584149210989
1580,0.957907539803513,0.957907539803513
1590,0.958230606941783,0.958230606941783
1600,0.958548560440971,0.958548560440971
1610,0.958862221552852,0.958862221552852
1620,0.959158055224462,0.959158055224462
1630,0.959452486293045,0.959452486293045
1640,0.959767174731711,0.959767174731711
1650,0.960065094190546,0.960065094190546
1660,0.96036742260435,0.96036742260435
1670,0.960665208188201,0.960665208188201
1680,0.960967676305097,0.960967676305097
1690,0.961255646398551,0.961255646398551
1700,0.961536513619908,0.961536513619908
1710,0.961806290208773,0.961806290208773
1720,0.962088718911756,0.962088718911756
1730,0.962352595253638,0.962352595253638
1740,0.962608312304452,0.962608312304452
1750,0.96286936543089,0.96286936543089
1760,0.963126644606271,0.963126644606271
1770,0.963365077569794,0.963365077569794
1780,0.96362239267138,0.96362239267138
1790,0.963873311996236,0.963873311996236
1800,0.964109327866895,0.964109327866895
1810,0.964352411792925,0.964352411792925
1820,0.964586120687807,0.964586120687807
1830,0.964828318390537,0.964828318390537
1840,0.9650633685843,0.9650633685843
1850,0.965315121312264,0.965315121312264
1860,0.965554884506759,0.965554884506759
1870,0.965787586048404,0.965787586048404
1880,0.966022877514155,0.966022877514155
1890,0.966259715549689,0.966259715549689
1900,0.966480877010422,0.966480877010422
1910,0.966702051602604,0.966702051602604
1920,0.966918571493248,0.966918571493248
1930,0.967134853743965,0.967134853743965
1940,0.967352555196771,0.967352555196771
1950,0.967572433855323,0.967572433855323
1960,0.967793191304238,0.967793191304238
1970,0.968016969551957,0.968016969551957
1980,0.968236468330088,0.968236468330088
1990,0.968459352174269,0.968459352174269
2000,0.968665490539372,0.968665490539372
2010,0.968871289632023,0.968871289632023
2020,0.969081245493988,0.969081245493988
2030,0.969290609015996,0.969290609015996
2040,0.96949478017886,0.96949478017886
2050,0.96970423652454,0.96970423652454
2060,0.969907979401087,0.969907979401087
2070,0.97011579681756,0.97011579681756
2080,0.970318457972766,0.970318457972766
2090,0.970530726550488,0.970530726550488
2100,0.970732192594424,0.970732192594424
2110,0.970932514008422,0.970932514008422
2120,0.971126220413113,0.971126220413113
2130,0.971319335635239,0.971319335635239
2140,0.97151453331091,0.97151453331091
2150,0.971709810221716,0.971709810221716
2160,0.971905718565792,0.971905718565792
2170,0.972093211523793,0.972093211523793
2180,0.972280796809028,0.972280796809028
2190,0.972469438258422,0.972469438258422
2200,0.972640060959012,0.972640060959012
2210,0.972821850973791,0.972821850973791
2220,0.973003149560061,0.973003149560061
2230,0.973183055283268,0.973183055283268
2240,0.973360004339807,0.973360004339807
2250,0.973536098945107,0.973536098945107
2260,0.973716053199276,0.973716053199276
2270,0.973897916516997,0.973897916516997
2280,0.974070612663289,0.974070612663289
2290,0.974240145201327,0.974240145201327
2300,0.974415947122317,0.974415947122317
2310,0.974590140849306,0.974590140849306
2320,0.974772480166051,0.974772480166051
2330,0.974944035709386,0.974944035709386
2340,0.975116667724892,0.975116667724892
2350,0.97529093569261,0.97529093569261
2360,0.975467747177611,0.975467747177611
2370,0.975641953604719,0.975641953604719
2380,0.975809598596989,0.975809598596989
2390,0.97598332041503,0.97598332041503
2400,0.97615527825056,0.97615527825056
2410,0.976325717975368,0.976325717975368
2420,0.976496207313293,0.976496207313293
2430,0.976668878067943,0.976668878067943
2440,0.97683866811705,0.97683866811705
2450,0.977011079655897,0.977011079655897
2460,0.977184155116576,0.977184155116576
2470,0.977360824921894,0.977360824921894
2480,0.977524859211815,0.977524859211815
2490,0.977691638575371,0.977691638575371
2500,0.977864248144913,0.977864248144913
2510,0.978038348608483,0.978038348608483
2520,0.978201329381582,0.978201329381582
2530,0.978362066393682,0.978362066393682
2540,0.978538162170727,0.978538162170727
2550,0.978705719581694,0.978705719581694
2560,0.978866386802009,0.978866386802009
2570,0.979028129438292,0.979028129438292
2580,0.979188297432779,0.979188297432779
2590,0.979351735233812,0.979351735233812
2600,0.979519100367421,0.979519100367421
2610,0.979682564677334,0.979682564677334
2620,0.979839298439269,0.979839298439269
2630,0.979999152038336,0.979999152038336
2640,0.980153251866071,0.980153251866071
2650,0.980306588918703,0.980306588918703
2660,0.98045396043197,0.98045396043197
2670,0.9806062085032,0.9806062085032
2680,0.98077549468427,0.98077549468427
2690,0.980933659563758,0.980933659563758
2700,0.981085929727939,0.981085929727939
2710,0.98123610253399,0.98123610253399
2720,0.981385768184095,0.981385768184095
2730,0.981546210705678,0.981546210705678
2740,0.981702083713149,0.981702083713149
2750,0.981856233768444,0.981856233768444
2760,0.982006393154894,0.982006393154894
2770,0.982152835946186,0.982152835946186
2780,0.982294306248628,0.982294306248628
2790,0.982439573130588,0.982439573130588
2800,0.982580875739352,0.982580875739352
2810,0.982719094620546,0.982719094620546
2820,0.982863312261298,0.982863312261298
2830,0.983006121571436,0.983006121571436
2840,0.983142206035192,0.983142206035192
2850,0.983284202958216,0.983284202958216
2860,0.983426073106136,0.983426073106136
2870,0.983571274990867,0.983571274990867
2880,0.983722831163212,0.983722831163212
2890,0.983869035369637,0.983869035369637
2900,0.984007931735397,0.984007931735397
2910,0.984152100942611,0.984152100942611
2920,0.984284833857981,0.984284833857981
2930,0.984415951689866,0.984415951689866
2940,0.98454928173755,0.98454928173755
2950,0.984682885272824,0.984682885272824
2960,0.984823510004009,0.984823510004009
2970,0.984962140583387,0.984962140583387
2980,0.985097736861542,0.985097736861542
2990,0.985240512788774,0.985240512788774
3000,0.985372818387109,0.985372818387109
3010,0.985508242727602,0.985508242727602
3020,0.985644985407859,0.985644985407859
3030,0.985802995948659,0.985802995948659
3040,0.98595320591778,0.98595320591778
3050,0.986098201995882,0.986098201995882
3060,0.986253424067935,0.986253424067935
3070,0.986418919749372,0.986418919749372
3080,0.98657167823409,0.98657167823409
3090,0.986707455925873,0.986707455925873
3100,0.986850151472534,0.986850151472534
3110,0.986988749952707,0.986988749952707
3120,0.987126890348403,0.987126890348403
3130,0.987259403252397,0.987259403252397
3140,0.987386563742947,0.987386563742947
3150,0.987532023573412,0.987532023573412
3160,0.987674156970024,0.987674156970024
3170,0.987813543976704,0.987813543976704
3180,0.987939413299572,0.987939413299572
3190,0.988070130619302,0.988070130619302
3200,0.988189415719237,0.988189415719237
3210,0.98831464451562,0.98831464451562
3220,0.988435872967444,0.988435872967444
3230,0.988559732438688,0.988559732438688
3240,0.988683748143177,0.988683748143177
3250,0.988795551196326,0.988795551196326
3260,0.988901914346597,0.988901914346597
3270,0.989000724823539,0.989000724823539
3280,0.989101066408008,0.989101066408008
3290,0.989204905290254,0.989204905290254
3300,0.989301039314647,0.989301039314647
3310,0.989402678955916,0.989402678955916
3320,0.98950343024134,0.98950343024134
3330,0.989600753055805,0.989600753055805
3340,0.989699699202597,0.989699699202597
3350,0.989795003145116,0.989795003145116
3360,0.989890973807568,0.989890973807568
3370,0.989988391719085,0.989988391719085
3380,0.990089488354109,0.990089488354109
3390,0.990187053946445,0.990187053946445
3400,0.990279992016822,0.990279992016822
3410,0.990377147108131,0.990377147108131
3420,0.990480557513043,0.990480557513043
3430,0.990589596342093,0.990589596342093
3440,0.99069188029878,0.99069188029878
3450,0.990789321707438,0.990789321707438
3460,0.990882050751914,0.990882050751914
3470,0.990984506482165,0.990984506482165
3480,0.991082749161728,0.991082749161728
3490,0.99118270176535,0.99118270176535
3500,0.991284406918927,0.991284406918927
3510,0.991381657079028,0.991381657079028
3520,0.991492349066688,0.991492349066688
3530,0.991609301442539,0.991609301442539
3540,0.991706224599061,0.991706224599061
3550,0.991801582891145,0.991801582891145
3560,0.99189535390891,0.99189535390891
3570,0.991986049668515,0.991986049668515
3580,0.992074340339713,0.992074340339713
3590,0.992167565510193,0.992167565510193
3600,0.992250363081415,0.992250363081415
3610,0.992333819174836,0.992333819174836
3620,0.992423392101396,0.992423392101396
3630,0.992511913811535,0.992511913811535
3640,0.992603302222997,0.992603302222997
3650,0.992705471655733,0.992705471655733
3660,0.992816786472622,0.992816786472622
3670,0.992915359426373,0.992915359426373
3680,0.993012807010795,0.993012807010795
3690,0.993118608161238,0.993118608161238
3700,0.993211642775915,0.993211642775915
3710,0.99330381890164,0.99330381890164
3720,0.993394029287638,0.993394029287638
3730,0.993480002493764,0.993480002493764
3740,0.993566545500479,0.993566545500479
3750,0.993650600581619,0.993650600581619
3760,0.993733223684494,0.993733223684494
3770,0.993809910224846,0.993809910224846
3780,0.993877757846114,0.993877757846114
3790,0.993942642621353,0.993942642621353
3800,0.993995217119646,0.993995217119646
3810,0.994056715685969,0.994056715685969
3820,0.994109427336791,0.994109427336791
3830,0.994156849646475,0.994156849646475
3840,0.994204352083554,0.994204352083554
3850,0.994254073685265,0.994254073685265
3860,0.994301618332625,0.994301618332625
3870,0.994347982538451,0.994347982538451
3880,0.994390218936584,0.994390218936584
3890,0.994436415331742,0.994436415331742
3900,0.994485528280168,0.994485528280168
3910,0.994528979018856,0.994528979018856
3920,0.994574237805478,0.994574237805478
3930,0.994620429865585,0.994620429865585
3940,0.994663081980089,0.994663081980089
3950,0.994705352933106,0.994705352933106
3960,0.994743791718499,0.994743791718499
3970,0.994783044035497,0.994783044035497
3980,0.994821776327873,0.994821776327873
3990,0.994863310569036,0.994863310569036
4000,0.994902647197136,0.994902647197136
4010,0.994943324944499,0.994943324944499
4020,0.99497747537007,0.99497747537007
4030,0.995013087008557,0.995013087008557
4040,0.995050356057757,0.995050356057757
4050,0.995087142379687,0.995087142379687
4060,0.995120168957044,0.995120168957044
4070,0.995157581954682,0.995157581954682
4080,0.995189274219323,0.995189274219323
4090,0.995217829752866,0.995217829752866
4100,0.995249205116069,0.995249205116069
4110,0.995281737818336,0.995281737818336
4120,0.995308711036366,0.995308711036366
4130,0.995340855833251,0.995340855833251
4140,0.995367860125198,0.995367860125198
4150,0.995398885671978,0.995398885671978
4160,0.995431595940165,0.995431595940165
4170,0.995459343249277,0.995459343249277
4180,0.995490142566791,0.995490142566791
4190,0.995519280651973,0.995519280651973
4200,0.995551420927856,0.995551420927856
4210,0.995582673062681,0.995582673062681
4220,0.995617319667566,0.995617319667566
4230,0.995652184310921,0.995652184310921
4240,0.99568314179536,0.99568314179536
4250,0.995713927522084,0.995713927522084
4260,0.995748146770158,0.995748146770158
4270,0.995779665649774,0.995779665649774
4280,0.995810588045361,0.995810588045361
4290,0.995846886637055,0.995846886637055
4300,0.995880918693274,0.995880918693274
4310,0.995914578083439,0.995914578083439
4320,0.995948753596702,0.995948753596702
4330,0.99598139954645,0.99598139954645
4340,0.996014437568264,0.996014437568264
4350,0.996046241753632,0.996046241753632
4360,0.996080736509586,0.996080736509586
4370,0.996115438829234,0.996115438829234
4380,0.996147893062008,0.996147893062008
4390,0.996185207060414,0.996185207060414
4400,0.996220679482707,0.996220679482707
4410,0.996261334174276,0.996261334174276
4420,0.996296033544703,0.996296033544703
4430,0.996326129740038,0.996326129740038
4440,0.996362850822968,0.996362850822968
4450,0.996396258014547,0.996396258014547
4460,0.996434179129227,0.996434179129227
4470,0.996473885270297,0.996473885270297
4480,0.996514595580677,0.996514595580677
4490,0.996555248447998,0.996555248447998
4500,0.996591020701547,0.996591020701547
4510,0.996628914136943,0.996628914136943
4520,0.996663260693388,0.996663260693388
4530,0.996704906842663,0.996704906842663
4540,0.996749410020476,0.996749410020476
4550,0.996789471585266,0.996789471585266
4560,0.99683377393802,0.99683377393802
4570,0.996875589653944,0.996875589653944
4580,0.996916982290527,0.996916982290527
4590,0.996956558305831,0.996956558305831
4600,0.996991740540077,0.996991740540077
4610,0.997031616875341,0.997031616875341
4620,0.997071038092142,0.997071038092142
4630,0.997114844365517,0.997114844365517
4640,0.997152616784339,0.997152616784339
4650,0.997194000097756,0.997194000097756
4660,0.99723140120649,0.99723140120649
4670,0.99726978576815,0.99726978576815
4680,0.997310985308186,0.997310985308186
4690,0.99735276842917,0.99735276842917
4700,0.99739425498852,0.99739425498852
4710,0.997435427089424,0.997435427089424
4720,0.997483532055575,0.997483532055575
4730,0.99752428232789,0.99752428232789
4740,0.997567783843956,0.997567783843956
4750,0.997606603978112,0.997606603978112
4760,0.997646024367425,0.997646024367425
4770,0.997687017830033,0.997687017830033
4780,0.997722668199111,0.997722668199111
4790,0.997761590869913,0.997761590869913
4800,0.997798531851213,0.997798531851213
4810,0.997839507864948,0.997839507864948
4820,0.997879645248921,0.997879645248921
4830,0.99791982057132,0.99791982057132
4840,0.997963820774833,0.997963820774833
4850,0.998007171329733,0.998007171329733
4860,0.998050175053443,0.998050175053443
4870,0.998090088841962,0.998090088841962
4880,0.99813332163475,0.99813332163475
4890,0.998178137763393,0.998178137763393
4900,0.998218019623237,0.998218019623237
4910,0.998260828678489,0.998260828678489
4920,0.998306225373939,0.998306225373939
4930,0.998349866014899,0.998349866014899
4940,0.998393471347524,0.998393471347524
4950,0.998438629322674,0.998438629322674
4960,0.998481501594039,0.998481501594039
4970,0.998524420163598,0.998524420163598
4980,0.998566676678626,0.998566676678626
4990,0.998606931066992,0.998606931066992
5000,0.99865060449271,0.99865060449271
5010,0.998688790985936,0.998688790985936
5020,0.998731611390081,0.998731611390081
5030,0.998769816075363,0.998769816075363
5040,0.998806879997236,0.998806879997236
5050,0.998844724981125,0.998844724981125
5060,0.998877884464799,0.998877884464799
5070,0.99891632349604,0.99891632349604
5080,0.998952541034796,0.998952541034796
5090,0.99898410570654,0.99898410570654
5100,0.999019473471911,0.999019473471911
5110,0.999055735579509,0.999055735579509
5120,0.999088424820759,0.999088424820759
5130,0.999119615142163,0.999119615142163
5140,0.999151804370924,0.999151804370924
5150,0.999179388054273,0.999179388054273
5160,0.999209382169126,0.999209382169126
5170,0.999235253209278,0.999235253209278
5180,0.99926435601553,0.99926435601553
5190,0.999289336113637,0.999289336113637
5200,0.99931545652629,0.99931545652629
5210,0.999341063737617,0.999341063737617
5220,0.999368286134241,0.999368286134241
5230,0.999391678374434,0.999391678374434
5240,0.999416118251551,0.999416118251551
5250,0.999439163706985,0.999439163706985
5260,0.999459337573961,0.999459337573961
5270,0.999480673882442,0.999480673882442
5280,0.999500230976625,0.999500230976625
5290,0.999518115087162,0.999518115087162
5300,0.9995337941021,0.9995337941021
5310,0.999550058151598,0.999550058151598
5320,0.999566647625192,0.999566647625192
5330,0.999584256007344,0.999584256007344
5340,0.999599447306138,0.999599447306138
5350,0.999616938993065,0.999616938993065
5360,0.99963215858272,0.99963215858272
5370,0.999644979833748,0.999644979833748
5380,0.999658344940407,0.999658344940407
5390,0.999672730183889,0.999672730183889
5400,0.99968497397211,0.99968497397211
5410,0.999698528781227,0.999698528781227
5420,0.999713622582019,0.999713622582019
5430,0.999723784799518,0.999723784799518
5440,0.999737075114828,0.999737075114828
5450,0.999747919801943,0.999747919801943
5460,0.999756853031807,0.999756853031807
5470,0.999765392408863,0.999765392408863
5480,0.999777755779762,0.999777755779762
5490,0.999787334253232,0.999787334253232
5500,0.999797168728274,0.999797168728274
5510,0.999804461210265,0.999804461210265
5520,0.999814408141864,0.999814408141864
5530,0.999822521447765,0.999822521447765
5540,0.999829520920671,0.999829520920671
5550,0.999834920300672,0.999834920300672
5560,0.999842391250982,0.999842391250982
5570,0.999851086618172,0.999851086618172
5580,0.999857201987115,0.999857201987115
5590,0.999864357871056,0.999864357871056
5600,0.999870206914012,0.999870206914012
5610,0.999876317232804,0.999876317232804
5620,0.999882612270417,0.999882612270417
5630,0.999887539872923,0.999887539872923
5640,0.999892450656551,0.999892450656551
5650,0.99989752649411,0.99989752649411
5660,0.999903206131815,0.999903206131815
5670,0.999907533338604,0.999907533338604
5680,0.99991336260172,0.99991336260172
5690,0.999917991470925,0.999917991470925
5700,0.999922633439849,0.999922633439849
5710,0.999925792325119,0.999925792325119
5720,0.999929868627821,0.999929868627821
5730,0.999934426833464,0.999934426833464
5740,0.999938877564435,0.999938877564435
5750,0.999942888716102,0.999942888716102
5760,0.999946883414851,0.999946883414851
5770,0.999949440545702,0.999949440545702
5780,0.999952432726098,0.999952432726098
5790,0.999955690883228,0.999955690883228
5800,0.999958522536348,0.999958522536348
5810,0.999960463360955,0.999960463360955
5820,0.999962724151388,0.999962724151388
5830,0.999964343258044,0.999964343258044
5840,0.999966422102163,0.999966422102163
5850,0.999968078014902,0.999968078014902
5860,0.999969992252286,0.999969992252286
5870,0.999971787259137,0.999971787259137
5880,0.999972960129502,0.999972960129502
5890,0.999974321965916,0.999974321965916
5900,0.999975377900676,0.999975377900676
5910,0.999976574742288,0.999976574742288
5920,0.999977017763869,0.999977017763869
5930,0.999978360783529,0.999978360783529
5940,0.999978949629554,0.999978949629554
5950,0.999979545773429,0.999979545773429
5960,0.999980570942545,0.999980570942545
5970,0.999981624891224,0.999981624891224
5980,0.99998253532906,0.99998253532906
5990,0.999983271031437,0.999983271031437
6000,0.999983716309562,0.999983716309562
6010,0.999984150985,0.999984150985
6020,0.999984893408245,0.999984893408245
6030,0.999985636791449,0.999985636791449
6040,0.999986669982875,0.999986669982875
6050,0.999987421308263,0.999987421308263
6060,0.99998800444215,0.99998800444215
6070,0.999989028589835,0.999989028589835
6080,0.99998945967488,0.99998945967488
6090,0.999989893022765,0.999989893022765
6100,0.999990357632133,0.999990357632133
6110,0.999990966291316,0.999990966291316
6120,0.999991846302384,0.999991846302384
6130,0.999992139003653,0.999992139003653
6140,0.999992889090222,0.999992889090222
6150,0.999993189187864,0.999993189187864
6160,0.999993489778919,0.999993489778919
6170,0.999993920993618,0.999993920993618
6180,0.999994065643011,0.999994065643011
6190,0.999994374021795,0.999994374021795
6200,0.999994818206957,0.999994818206957
6210,0.999994818206957,0.999994818206957
6220,0.99999524740609,0.99999524740609
6230,0.999995391905637,0.999995391905637
6240,0.999995680152772,0.999995680152772
6250,0.999995980347328,0.999995980347328
6260,0.999996135971396,0.999996135971396
6270,0.99999644672085,0.99999644672085
6280,0.999996747065858,0.999996747065858
6290,0.999997035463446,0.999997035463446
6300,0.999997035463446,0.999997035463446
6310,0.999997191705102,0.999997191705102
6320,0.999997480704196,0.999997480704196
6330,0.999997624601328,0.999997624601328
6340,0.999997925619447,0.999997925619447
6350,0.999998213260535,0.999998213260535
6360,0.999998355784574,0.999998355784574
6370,0.999998500133972,0.999998500133972
6380,0.999998642811778,0.999998642811778
6390,0.999998642811778,0.999998642811778
6400,0.999998642811778,0.999998642811778
6410,0.999998642811778,0.999998642811778
6420,0.999998642811778,0.999998642811778
6430,0.999998785643053,0.999998785643053
6440,0.999998785643053,0.999998785643053
6450,0.999998785643053,0.999998785643053
6460,0.999998785643053,0.999998785643053
6470,0.999998785643053,0.999998785643053
6480,0.999998785643053,0.999998785643053
6490,0.999998785643053,0.999998785643053
6500,0.99999908578184,0.99999908578184
6510,0.99999908578184,0.99999908578184
6520,0.99999908578184,0.99999908578184
6530,0.99999908578184,0.99999908578184
6540,0.99999908578184,0.99999908578184
6550,0.999999242146024,0.999999242146024
6560,0.999999242146024,0.999999242146024
6570,0.999999242146024,0.999999242146024
6580,0.999999242146024,0.999999242146024
6590,0.999999242146024,0.999999242146024
6600,0.999999242146024,0.999999242146024
6610,0.999999242146024,0.999999242146024
6620,0.999999242146024,0.999999242146024
6630,0.999999242146024,0.999999242146024
6640,0.999999242146024,0.999999242146024
6650,0.999999242146024,0.999999242146024
6660,0.999999242146024,0.999999242146024
6670,0.999999242146024,0.999999242146024
6680,0.999999385891795,0.999999385891795
6690,0.999999385891795,0.999999385891795
6700,0.999999385891795,0.999999385891795
6710,0.999999385891795,0.999999385891795
6720,0.999999385891795,0.999999385891795
6730,0.999999385891795,0.999999385891795
6740,0.999999385891795,0.999999385891795
6750,0.999999385891795,0.999999385891795
6760,0.999999385891795,0.999999385891795
6770,0.999999385891795,0.999999385891795
6780,0.999999385891795,0.999999385891795
6790,0.999999542500042,0.999999542500042
6800,0.999999542500042,0.999999542500042
6810,0.999999698864226,0.999999698864226
6820,0.999999698864226,0.999999698864226
6830,0.999999698864226,0.999999698864226
6840,0.999999698864226,0.999999698864226
6850,0.999999698864226,0.999999698864226
6860,0.999999698864226,0.999999698864226
6870,0.999999698864226,0.999999698864226
6880,0.999999698864226,0.999999698864226
6890,0.999999698864226,0.999999698864226
6900,0.999999698864226,0.999999698864226
6910,0.999999843513618,0.999999843513618
6920,0.999999843513618,0.999999843513618
6930,0.999999843513618,0.999999843513618
6940,0.999999843513618,0.999999843513618
6950,0.999999843513618,0.999999843513618
6960,0.999999843513618,0.999999843513618
6970,0.999999843513618,0.999999843513618
6980,0.999999843513618,0.999999843513618
6990,0.999999843513618,0.999999843513618
7000,0.999999843513618,0.999999843513618
7010,0.999999843513618,0.999999843513618
7020,0.999999843513618,0.999999843513618
7030,0.999999843513618,0.999999843513618
7040,0.999999843513618,0.999999843513618
7050,0.999999843513618,0.999999843513618
7060,0.999999843513618,0.999999843513618
7070,0.999999843513618,0.999999843513618
7080,0.999999843513618,0.999999843513618
7090,0.999999843513618,0.999999843513618
7100,0.999999999999999,0.999999999999999
7110,0.999999999999999,0.999999999999999
7120,0.999999999999999,0.999999999999999
7130,0.999999999999999,0.999999999999999
7140,0.999999999999999,0.999999999999999
7150,0.999999999999999,0.999999999999999
7160,0.999999999999999,0.999999999999999
7170,0.999999999999999,0.999999999999999
7180,0.999999999999999,0.999999999999999
7190,0.999999999999999,0.999999999999999
7200,0.999999999999999,0.999999999999999
7210,0.999999999999999,0.999999999999999
7220,0.999999999999999,0.999999999999999
7230,0.999999999999999,0.999999999999999
7240,0.999999999999999,0.999999999999999
7250,0.999999999999999,0.999999999999999
7260,0.999999999999999,0.999999999999999
7270,0.999999999999999,0.999999999999999
7280,0.999999999999999,0.999999999999999
7290,0.999999999999999,0.999999999999999
7300,0.999999999999999,0.999999999999999
7310,0.999999999999999,0.999999999999999
7320,0.999999999999999,0.999999999999999
7330,0.999999999999999,0.999999999999999
7340,0.999999999999999,0.999999999999999
7350,0.999999999999999,0.999999999999999
7360,0.999999999999999,0.999999999999999
7370,0.999999999999999,0.999999999999999
7380,0.999999999999999,0.999999999999999
7390,0.999999999999999,0.999999999999999
7400,0.999999999999999,0.999999999999999
7410,0.999999999999999,0.999999999999999
7420,0.999999999999999,0.999999999999999
7430,0.999999999999999,0.999999999999999
7440,0.999999999999999,0.999999999999999
7450,0.999999999999999,0.999999999999999
7460,0.999999999999999,0.999999999999999
7470,0.999999999999999,0.999999999999999
7480,0.999999999999999,0.999999999999999
7490,0.999999999999999,0.999999999999999
7500,0.999999999999999,0.999999999999999
7510,0.999999999999999,0.999999999999999
7520,0.999999999999999,0.999999999999999
7530,0.999999999999999,0.999999999999999
7540,0.999999999999999,0.999999999999999
7550,0.999999999999999,0.999999999999999
7560,0.999999999999999,0.999999999999999
7570,0.999999999999999,0.999999999999999
7580,0.999999999999999,0.999999999999999
7590,0.999999999999999,0.999999999999999
7600,0.999999999999999,0.999999999999999
7610,0.999999999999999,0.999999999999999
7620,0.999999999999999,0.999999999999999
7630,0.999999999999999,0.999999999999999
7640,0.999999999999999,0.999999999999999
7650,0.999999999999999,0.999999999999999
7660,0.999999999999999,0.999999999999999
7670,0.999999999999999,0.999999999999999
7680,0.999999999999999,0.999999999999999
7690,0.999999999999999,0.999999999999999
7700,0.999999999999999,0.999999999999999
7710,0.999999999999999,0.999999999999999
7720,0.999999999999999,0.999999999999999
7730,0.999999999999999,0.999999999999999
7740,0.999999999999999,0.999999999999999
7750,0.999999999999999,0.999999999999999
7760,0.999999999999999,0.999999999999999
7770,0.999999999999999,0.999999999999999
7780,0.999999999999999,0.999999999999999
7790,0.999999999999999,0.999999999999999
7800,0.999999999999999,0.999999999999999
7810,0.999999999999999,0.999999999999999
7820,0.999999999999999,0.999999999999999
7830,0.999999999999999,0.999999999999999
7840,0.999999999999999,0.999999999999999
7850,0.999999999999999,0.999999999999999
7860,0.999999999999999,0.999999999999999
7870,0.999999999999999,0.999999999999999
7880,0.999999999999999,0.999999999999999
7890,0.999999999999999,0.999999999999999
7900,0.999999999999999,0.999999999999999
7910,0.999999999999999,0.999999999999999
7920,0.999999999999999,0.999999999999999
7930,0.999999999999999,0.999999999999999
7940,0.999999999999999,0.999999999999999
7950,0.999999999999999,0.999999999999999
7960,0.999999999999999,0.999999999999999
7970,0.999999999999999,0.999999999999999
7980,0.999999999999999,0.999999999999999
7990,0.999999999999999,0.999999999999999
8000,0.999999999999999,0.999999999999999
8010,0.999999999999999,0.999999999999999
8020,0.999999999999999,0.999999999999999
8030,0.999999999999999,0.999999999999999
8040,0.999999999999999,0.999999999999999
8050,0.999999999999999,0.999999999999999
8060,0.999999999999999,0.999999999999999
8070,0.999999999999999,0.999999999999999
8080,0.999999999999999,0.999999999999999
8090,0.999999999999999,0.999999999999999
8100,0.999999999999999,0.999999999999999
8110,0.999999999999999,0.999999999999999
8120,0.999999999999999,0.999999999999999
8130,0.999999999999999,0.999999999999999
8140,0.999999999999999,0.999999999999999
8150,0.999999999999999,0.999999999999999
8160,0.999999999999999,0.999999999999999
8170,0.999999999999999,0.999999999999999
8180,0.999999999999999,0.999999999999999
8190,0.999999999999999,0.999999999999999
8200,0.999999999999999,0.999999999999999
8210,0.999999999999999,0.999999999999999
8220,0.999999999999999,0.999999999999999
8230,0.999999999999999,0.999999999999999
8240,0.999999999999999,0.999999999999999
8250,0.999999999999999,0.999999999999999
8260,0.999999999999999,0.999999999999999
8270,0.999999999999999,0.999999999999999
8280,0.999999999999999,0.999999999999999
8290,0.999999999999999,0.999999999999999
8300,0.999999999999999,0.999999999999999
8310,0.999999999999999,0.999999999999999
8320,0.999999999999999,0.999999999999999
8330,0.999999999999999,0.999999999999999
8340,0.999999999999999,0.999999999999999
8350,0.999999999999999,0.999999999999999
8360,0.999999999999999,0.999999999999999
8370,0.999999999999999,0.999999999999999
8380,0.999999999999999,0.999999999999999
8390,0.999999999999999,0.999999999999999
8400,0.999999999999999,0.999999999999999
8410,0.999999999999999,0.999999999999999
8420,0.999999999999999,0.999999999999999
8430,0.999999999999999,0.999999999999999
8440,0.999999999999999,0.999999999999999
8450,0.999999999999999,0.999999999999999
8460,0.999999999999999,0.999999999999999
8470,0.999999999999999,0.999999999999999
8480,0.999999999999999,0.999999999999999
8490,0.999999999999999,0.999999999999999
8500,0.999999999999999,0.999999999999999
8510,0.999999999999999,0.999999999999999
8520,0.999999999999999,0.999999999999999
8530,0.999999999999999,0.999999999999999
8540,0.999999999999999,0.999999999999999
8550,0.999999999999999,0.999999999999999
8560,0.999999999999999,0.999999999999999
8570,0.999999999999999,0.999999999999999
8580,0.999999999999999,0.999999999999999
8590,0.999999999999999,0.999999999999999
8600,0.999999999999999,0.999999999999999
8610,0.999999999999999,0.999999999999999
8620,0.999999999999999,0.999999999999999
8630,0.999999999999999,0.999999999999999
8640,0.999999999999999,0.999999999999999
8650,0.999999999999999,0.999999999999999
8660,0.999999999999999,0.999999999999999
8670,0.999999999999999,0.999999999999999
8680,0.999999999999999,0.999999999999999
8690,0.999999999999999,0.999999999999999
8700,0.999999999999999,0.999999999999999
8710,0.999999999999999,0.999999999999999
8720,0.999999999999999,0.999999999999999
8730,0.999999999999999,0.999999999999999
8740,0.999999999999999,0.999999999999999
8750,0.999999999999999,0.999999999999999
8760,0.999999999999999,0.999999999999999
8770,0.999999999999999,0.999999999999999
8780,0.999999999999999,0.999999999999999
8790,0.999999999999999,0.999999999999999
8800,0.999999999999999,0.999999999999999
8810,0.999999999999999,0.999999999999999
8820,0.999999999999999,0.999999999999999
8830,0.999999999999999,0.999999999999999
8840,0.999999999999999,0.999999999999999
8850,0.999999999999999,0.999999999999999
8860,0.999999999999999,0.999999999999999
8870,0.999999999999999,0.999999999999999
8880,0.999999999999999,0.999999999999999
8890,0.999999999999999,0.999999999999999
8900,0.999999999999999,0.999999999999999
8910,0.999999999999999,0.999999999999999
8920,0.999999999999999,0.999999999999999
8930,0.999999999999999,0.999999999999999
8940,0.999999999999999,0.999999999999999
8950,0.999999999999999,0.999999999999999
8960,0.999999999999999,0.999999999999999
8970,0.999999999999999,0.999999999999999
8980,0.999999999999999,0.999999999999999
8990,0.999999999999999,0.999999999999999
