,Elevation,CumSum
0,-9000,0.00000154043822128093663567313405
1,-8990,0.00000306583080353424016948303554
2,-8980,0.00000388976651763528995112487174
3,-8970,0.00000479126470359711476178611947
4,-8960,0.00000687248715635534922007527855
5,-8950,0.00000796352053911074377284904507
6,-8940,0.00001023026383257431311387883333
7,-8930,0.00001187527731879260825195721019
8,-8920,0.00001317833010899953789232461054
9,-8910,0.00001443479786214437542006018556
10,-8900,0.00001551056754989901717003628057
11,-8890,0.00001662683330959208895922195326
12,-8880,0.00001768407396775258954061370298
13,-8870,0.00001923505254255612951412926503
14,-8860,0.00001986649208463056346198917501
15,-8850,0.00002084990240073337835688405129
16,-8840,0.00002299560318872312709059975433
17,-8830,0.00002504533677796305236981817821
18,-8820,0.00002633055032724022687020543065
19,-8810,0.00002760308377982463376031259383
20,-8800,0.00002965404522479809975568296188
21,-8790,0.00003157810150859986032855289406
22,-8780,0.00003325487960924742246969498805
23,-8770,0.00003568048684981034798660917695
24,-8760,0.00003727734628323550053214524569
25,-8750,0.00003830648771134172604190676337
26,-8740,0.00004014871550761922710994639152
27,-8730,0.00004171374137821957640793676947
28,-8720,0.00004320648305071807699110839063
29,-8710,0.00004465986045967091592340247885
30,-8700,0.00004625734990268419346681055826
31,-8690,0.00004886482593755650538375895353
32,-8680,0.00005049887712413264015962402476
33,-8670,0.00005237047229061933474765500041
34,-8660,0.00005441399893331351115361924076
35,-8650,0.00005664587177698351212664501508
36,-8640,0.00005881925354273848788582562674
37,-8630,0.00006104870792336795925787235051
38,-8620,0.00006340785543322382026253103415
39,-8610,0.00006404758239254227845070610581
40,-8600,0.00006560047339724017257962113137
41,-8590,0.00006811479134108270119818406840
42,-8580,0.00006987129123004903752131716788
43,-8570,0.00007095659126004686648343799948
44,-8560,0.00007314800197263217958632691706
45,-8550,0.00007489323252564796321029128023
46,-8540,0.00007642529507423421271296998247
47,-8530,0.00007771019098533709615513054292
48,-8520,0.00007865227635337279448422831418
49,-8510,0.00008029769643715010355323330460
50,-8500,0.00008290022833486346374044090313
51,-8490,0.00008503471536021904510650043507
52,-8480,0.00008693479418980955665888221695
53,-8470,0.00008887584761421174776776371607
54,-8460,0.00009021640896870515178782024002
55,-8450,0.00009270145948540324987337257756
56,-8440,0.00009577991700781446923838174934
57,-8430,0.00009754282660150264121657476268
58,-8420,0.00009929455283480538802052400849
59,-8410,0.00010226880683857681624601004833
60,-8400,0.00010358659019740130741334127595
61,-8390,0.00010728892586420135343058118726
62,-8380,0.00011027900617966084702206014390
63,-8370,0.00011206512599112613377209252130
64,-8360,0.00011532930287314364513513720301
65,-8350,0.00011761939394521524833610304217
66,-8340,0.00012037623486139775957990544208
67,-8330,0.00012345591484016804660964194973
68,-8320,0.00012663056856165847319402317783
69,-8310,0.00012798096338328875673853723960
70,-8300,0.00013087353758038894162296639223
71,-8290,0.00013318750801118807219544648568
72,-8280,0.00013611582324995273964897413155
73,-8270,0.00014014993375504101015896485372
74,-8260,0.00014294346408277747314218009134
75,-8250,0.00014541794506421620923435067407
76,-8240,0.00014727429779684306590005482551
77,-8230,0.00014997563830503512962571965872
78,-8220,0.00015250058514675306643032515197
79,-8210,0.00015527299479795738886868383677
80,-8200,0.00015883265373790121503284888949
81,-8190,0.00016164965232362478756919510481
82,-8180,0.00016561533928100545011441457888
83,-8170,0.00016867537387598244020409099519
84,-8160,0.00017133949901404816229706640218
85,-8150,0.00017312549871291283798240001612
86,-8140,0.00017598733792888513177005149757
87,-8130,0.00017915426893683555572590881955
88,-8120,0.00018174508901038608659796180778
89,-8110,0.00018493774094419473366830708461
90,-8100,0.00018707509962154425671963797750
91,-8090,0.00018900635139890153979536080442
92,-8080,0.00019238450266229485110733299358
93,-8070,0.00019581724143719595907994768247
94,-8060,0.00019853194999182901788262189946
95,-8050,0.00020121139982108376086100687274
96,-8040,0.00020496711067944511919236560971
97,-8030,0.00020842287222674213084151750852
98,-8020,0.00021107312445991957376711933847
99,-8010,0.00021371390414985229648167641692
100,-8000,0.00021769671287355589180470549771
101,-7990,0.00022164228708950484158547722391
102,-7980,0.00022545093990871566862546626631
103,-7970,0.00022916232812660212807796822343
104,-7960,0.00023288315279476655764168135931
105,-7950,0.00023574332874383319039006401407
106,-7940,0.00023962926860054471170542733649
107,-7930,0.00024337252815727784122090682217
108,-7920,0.00024664894865762307905876493663
109,-7910,0.00025061522643801274800104406104
110,-7900,0.00025556967005288229802251187550
111,-7890,0.00025965844252752803573286444205
112,-7880,0.00026319115359332660979835294413
113,-7870,0.00026659389553833812060851249370
114,-7860,0.00027066674584598363409448928962
115,-7850,0.00027361732663487835790286362148
116,-7840,0.00027736344500881314522125475897
117,-7830,0.00028121766843541530977654274714
118,-7820,0.00028611753641996032909711189518
119,-7810,0.00028836579090223195221895369222
120,-7800,0.00029126742391252005140098169100
121,-7790,0.00029560575003805819116822761750
122,-7780,0.00029851689811634732341083520168
123,-7770,0.00030239398021810566172251633077
124,-7760,0.00030566651604377434621462317210
125,-7750,0.00031018759854751793564320294649
126,-7740,0.00031632608798115146447882395364
127,-7730,0.00032032615660636189376664351158
128,-7720,0.00032382057809760011763550169306
129,-7710,0.00032862971647637880976897117868
130,-7700,0.00033318236302512537795605940261
131,-7690,0.00033864965910170724289890431535
132,-7680,0.00034274593684326608951026815753
133,-7670,0.00034721092814182243600773514203
134,-7660,0.00035186792435776595953933476579
135,-7650,0.00035728414127761111375100600007
136,-7640,0.00036241803255537835418489955863
137,-7630,0.00036838710216384213270296443810
138,-7620,0.00037399067810226974519285936260
139,-7610,0.00037859014910976228991332237506
140,-7600,0.00038214022055896339690947427492
141,-7590,0.00038827556505399940479580922492
142,-7580,0.00039198109769439170657970294975
143,-7570,0.00039733213560304238200909798806
144,-7560,0.00040225692021705140898404917671
145,-7550,0.00040813454496554083970535908854
146,-7540,0.00041371362003015684340526125773
147,-7530,0.00041857490654939084754118661102
148,-7520,0.00042316327780902713955046845484
149,-7510,0.00042849231245167422382422173222
150,-7500,0.00043304745008839379055362583948
151,-7490,0.00043763747775187993851661594213
152,-7480,0.00044296194318222575133509044676
153,-7470,0.00044829825566308013949992639091
154,-7460,0.00045329776067195936108469855874
155,-7450,0.00046150051868887965794349681481
156,-7440,0.00046723027678337075620923490860
157,-7430,0.00047191425177799074461293393767
158,-7420,0.00047761642054601873355612617900
159,-7410,0.00048543678583376048251557532964
160,-7400,0.00049018993978805741173337962024
161,-7390,0.00049675714731110668688496279088
162,-7380,0.00050329775413840221413158682040
163,-7370,0.00051088269897256336025265222034
164,-7360,0.00051764433333840857189012130135
165,-7350,0.00052427784984264132282089088122
166,-7340,0.00053042964663197540893524450922
167,-7330,0.00053654943992660750120421431220
168,-7320,0.00054376560873499587764334783913
169,-7310,0.00055421897150797236157593328443
170,-7300,0.00056269919087507057862962422945
171,-7290,0.00057387202999737070042984843354
172,-7280,0.00058226626934163852253312221308
173,-7270,0.00059039707578953067642485441624
174,-7260,0.00059925080581368429018945809261
175,-7250,0.00060887840630450022413877597671
176,-7240,0.00061820021750204974704534510721
177,-7230,0.00062626322371841136767145474806
178,-7220,0.00063643949327753853578704124061
179,-7210,0.00064604151687409471643830372045
180,-7200,0.00065554422373330617068026837657
181,-7190,0.00066399515605169447639288815566
182,-7180,0.00067337561227487244090716966838
183,-7170,0.00068402695004947508452403104329
184,-7160,0.00069408642780965869225479059068
185,-7150,0.00070267741636682954503578812933
186,-7140,0.00071241625569888502970961052796
187,-7130,0.00072159255982635927325480329486
188,-7120,0.00072903629807853274034934454306
189,-7110,0.00073951299295942009466575672860
190,-7100,0.00074963864443583093279815932064
191,-7090,0.00075973282089434061772198480966
192,-7080,0.00076945704081656592261684313172
193,-7070,0.00077957882530401659704893946312
194,-7060,0.00078811109225216920484702320948
195,-7050,0.00080029466441651963756753751511
196,-7040,0.00080963087381124990496439330911
197,-7030,0.00082087778013113939755418524413
198,-7020,0.00082974165220917126938732222285
199,-7010,0.00084067069971687088340145388443
200,-7000,0.00084770561671380581254126029833
201,-6990,0.00085719130645432490157170635214
202,-6980,0.00086652263615804084578159161012
203,-6970,0.00087577035503923076134591418906
204,-6960,0.00088460103860798491512418273430
205,-6950,0.00089405915042729030683260615930
206,-6940,0.00090311404572461842759495409538
207,-6930,0.00091315909407396051149924387502
208,-6920,0.00092132938987648127938251407798
209,-6910,0.00093237229793816805718115192647
210,-6900,0.00094405514630951437634459599835
211,-6890,0.00095644838399597611761776549955
212,-6880,0.00096692097821391440395921712536
213,-6870,0.00097802479595397360211117554485
214,-6860,0.00098958472016781010190122902515
215,-6850,0.00100140477393688333979104854166
216,-6840,0.00101341457910733372636824523028
217,-6830,0.00102480522013508978766693768847
218,-6820,0.00103795440889581304551303464478
219,-6810,0.00104772543326073870259551590323
220,-6800,0.00105971350090932454023062714299
221,-6790,0.00107130380610996503269738422404
222,-6780,0.00108164003255445070363072179731
223,-6770,0.00109311573521263792098390243979
224,-6760,0.00110773077546985490929309925434
225,-6750,0.00112323097732858418265622368892
226,-6740,0.00113716416130291934211138382693
227,-6730,0.00114765273770652269542946743996
228,-6720,0.00116239601908487560910643310308
229,-6710,0.00117633373752805371267871059615
230,-6700,0.00119000942700699715443013460003
231,-6690,0.00120558713138942011182386249146
232,-6680,0.00121829349629465431142927300812
233,-6670,0.00123241735600313926865534419619
234,-6660,0.00124706689628203797048922041313
235,-6650,0.00125920733604464592063354455576
236,-6640,0.00127423969067003606432664231107
237,-6630,0.00129062238225632116422891826346
238,-6620,0.00130614890449101705462153777404
239,-6610,0.00131952985666974995267175518876
240,-6600,0.00133560448459313515189028631625
241,-6590,0.00135080344762189422450071596415
242,-6580,0.00136749190586289313606438433624
243,-6570,0.00138244853458444516731973283896
244,-6560,0.00140274179392937850367750751701
245,-6550,0.00141929141233397581624287031588
246,-6540,0.00143649188389241328107914785761
247,-6530,0.00145592054962992347583172758618
248,-6520,0.00147438417091858508210788780701
249,-6510,0.00149223506735570235481880274619
250,-6500,0.00151186744452660071398597541048
251,-6490,0.00152951978287525509198063744520
252,-6480,0.00154891673242737266599777790077
253,-6470,0.00156929911054791123084517501240
254,-6460,0.00158980105874456331162269950852
255,-6450,0.00161592600289372340625904111988
256,-6440,0.00164206449137098116700106409382
257,-6430,0.00166500471150091296744510938055
258,-6420,0.00168941061982142348360524941597
259,-6410,0.00171256818559854914925388857938
260,-6400,0.00173589427805395440582159061194
261,-6390,0.00176511925894956827470805293956
262,-6380,0.00179386264976732134543424557194
263,-6370,0.00182331164130269973190634491544
264,-6360,0.00185307473885843528201011753964
265,-6350,0.00188493048743604133844764536576
266,-6340,0.00192355577802435519750579029363
267,-6330,0.00196310811971723902721875809618
268,-6320,0.00200521066962261462762739938626
269,-6310,0.00204686305515930496920495862412
270,-6300,0.00209067353380367956794394501685
271,-6290,0.00214083388917465922141047940386
272,-6280,0.00219573110960392297100196579152
273,-6270,0.00225963304181694924974155291864
274,-6260,0.00232131289016321556289979000098
275,-6250,0.00239212510019036483921439639744
276,-6240,0.00245991684652803162605683162667
277,-6230,0.00253981181937510411619762784596
278,-6220,0.00262765542559539010125657654271
279,-6210,0.00271666940935588524172472624230
280,-6200,0.00280980351052071428488710047588
281,-6190,0.00292019054607513522253681159668
282,-6180,0.00303056037331866099174271234062
283,-6170,0.00314816101050721056792136565150
284,-6160,0.00328249034191697682330546292917
285,-6150,0.00341548951096075879829694343925
286,-6140,0.00355708715551004712313032385396
287,-6130,0.00370393118899878075189757709040
288,-6120,0.00386115374186102484899141273900
289,-6110,0.00404254057101104211785491671094
290,-6100,0.00424257083491467578556521900168
291,-6090,0.00445833596914589885135127289573
292,-6080,0.00469844197324568741552797135341
293,-6070,0.00494796679745690849011596768037
294,-6060,0.00521436965632500904616053460927
295,-6050,0.00550171774317290921546552695531
296,-6040,0.00580797683707422792570573832904
297,-6030,0.00613887609936599951132585317737
298,-6020,0.00648322256382427661997036594244
299,-6010,0.00685960051794675621655850150660
300,-6000,0.00725703625778971808668593723723
301,-5990,0.00766569669672238947211173609730
302,-5980,0.00807981618850816055155128481147
303,-5970,0.00850288733218204466346445968838
304,-5960,0.00893638854385693168214110926328
305,-5950,0.00939457520297187417823714383758
306,-5940,0.00987941054769800493240428096442
307,-5930,0.01040339032450634387805266101168
308,-5920,0.01093971821642832596699346225932
309,-5910,0.01150617041122610310910356901104
310,-5900,0.01209226484870836587637299430753
311,-5890,0.01267026550193783504538735940059
312,-5880,0.01326217534389183792808974970967
313,-5870,0.01387964988567609060654550745539
314,-5860,0.01452744026545921447735043585681
315,-5850,0.01521403202391236227086768195704
316,-5840,0.01588860724420952316715549557102
317,-5830,0.01658112687449936339945111285488
318,-5820,0.01727712354641919301201369307819
319,-5810,0.01801505505173862931034278744846
320,-5800,0.01873589927947063790703019492412
321,-5790,0.01948948924541638386132014204577
322,-5780,0.02025818902060439255508050848675
323,-5770,0.02104955669703774054357658940262
324,-5760,0.02186698741179141092239035515377
325,-5750,0.02270206803903614123374410382894
326,-5740,0.02356206284008141582653195200692
327,-5730,0.02444383500334091491312804578229
328,-5720,0.02537658633475598987661037142516
329,-5710,0.02633725139693599351375929984442
330,-5700,0.02730843117586042104183441381338
331,-5690,0.02833177057026572270848063794801
332,-5680,0.02936136826095976648520746721260
333,-5670,0.03043941765639246108121618306086
334,-5660,0.03151351080548042693507682088239
335,-5650,0.03260658354596761288046735671742
336,-5640,0.03371505865596508694226329794219
337,-5630,0.03485938626924926092565115709476
338,-5620,0.03601588983871948507209381773464
339,-5610,0.03719685767085523231401111843297
340,-5600,0.03843656650727487328333964455851
341,-5590,0.03967887594007705326371038268007
342,-5580,0.04097618125126750027176214530300
343,-5570,0.04227605328963408154452352505359
344,-5560,0.04358081291803118234584601964343
345,-5550,0.04489792425563586542036631499286
346,-5540,0.04626059885542210814435293286806
347,-5530,0.04765941484518790988156311527746
348,-5520,0.04906690082329259738891380493442
349,-5510,0.05049585387691679638777486616164
350,-5500,0.05194641937945465581805137844640
351,-5490,0.05345738179911827675505620049989
352,-5480,0.05499425394141543160797525047201
353,-5470,0.05655994457929691687780859865597
354,-5460,0.05814795445835623660668645129590
355,-5450,0.05976900435996837512853119278589
356,-5440,0.06143311287908445605943086320622
357,-5430,0.06313491742703060405350612427355
358,-5420,0.06490239623216324804655386060404
359,-5410,0.06667206178047677123110759112024
360,-5400,0.06846798020530056594346035581111
361,-5390,0.07027312055519760458643929723621
362,-5380,0.07209890341338019703609774069264
363,-5370,0.07396225831518901672190224871883
364,-5360,0.07584723694671549609758187671105
365,-5350,0.07775429631385794015940859935654
366,-5340,0.07967084006021692144106083333099
367,-5330,0.08156920860513063031849156914177
368,-5320,0.08345243098595184205734653914988
369,-5310,0.08536032565303755537122754049051
370,-5300,0.08730475426014201734137287758131
371,-5290,0.08923865206816797290834131217707
372,-5280,0.09119215777998518346336709328170
373,-5270,0.09315175372026955613602439143506
374,-5260,0.09511047712503975515296872345061
375,-5250,0.09708865427930037095283211101560
376,-5240,0.09910533312125729965558207368304
377,-5230,0.10114133109088199735658974987018
378,-5220,0.10322260006983052793572142036282
379,-5210,0.10536219175235371492416192040764
380,-5200,0.10752419336536650495972367025388
381,-5190,0.10972798095547983687758630821918
382,-5180,0.11197949691221656398631978390767
383,-5170,0.11420164788885012185915002191905
384,-5160,0.11640616451624771765516186405875
385,-5150,0.11856566008427289748983213257816
386,-5140,0.12080358307045133137158643421571
387,-5130,0.12308386453623625100828320455548
388,-5120,0.12534863401059134768722458375123
389,-5110,0.12764458222155231070793490744109
390,-5100,0.12992920847396535743989431921364
391,-5090,0.13216922211074383364248774341831
392,-5080,0.13441391085721765552563056189683
393,-5070,0.13664248186437594201336764854204
394,-5060,0.13889296187607411137143742507760
395,-5050,0.14115777379793614798586531833280
396,-5040,0.14334191954116112799333393468260
397,-5030,0.14558217935088682559729988952313
398,-5020,0.14781815340417692183905273850542
399,-5010,0.15007304317052116982011966683785
400,-5000,0.15231170555618828155175492611306
401,-4990,0.15454947808850791335366636758408
402,-4980,0.15679894895958676470648640588479
403,-4970,0.15900713679466205174861670457176
404,-4960,0.16123818225241082213727850103169
405,-4950,0.16344480828499968749767390363559
406,-4940,0.16567685139752674761126627345220
407,-4930,0.16785447235843717339598413218482
408,-4920,0.17006796552148040202467882409110
409,-4910,0.17224857560903900077775574573025
410,-4900,0.17447068992035491552528014835843
411,-4890,0.17665467073954671528568383109814
412,-4880,0.17884058241208244943720728770131
413,-4870,0.18103857576223497671819018250972
414,-4860,0.18322339079058833077873202910268
415,-4850,0.18542887998114729319887317160465
416,-4840,0.18760857546350620528308184020716
417,-4830,0.18980502248740946380500815848791
418,-4820,0.19198583239979313819212336511555
419,-4810,0.19414444385228185607772388721060
420,-4800,0.19633647752617325310531271043146
421,-4790,0.19850275020168620110361246133834
422,-4780,0.20066700710493032278058933570719
423,-4770,0.20284079701166213283158867852762
424,-4760,0.20500697686213378845287991225632
425,-4750,0.20715377318027766717634108317725
426,-4740,0.20930880220876429964604881206469
427,-4730,0.21144422963888101496543470148026
428,-4720,0.21357383513421140941446196848119
429,-4710,0.21573960534062644467390157387854
430,-4700,0.21791079901234744475857496581739
431,-4690,0.22007412655258132283542238383234
432,-4680,0.22228877282753731203790437120915
433,-4670,0.22449334085830371932068771911872
434,-4660,0.22674284180260351195812518199091
435,-4650,0.22903173012151123444368749915157
436,-4640,0.23131324224899660335630358076742
437,-4630,0.23355419409483149650874622693664
438,-4620,0.23581044074691209777583367213083
439,-4610,0.23805160178488191102808002597158
440,-4600,0.24032882284992398980172367828345
441,-4590,0.24260024971546739758210264881200
442,-4580,0.24489539131506415925443320702470
443,-4570,0.24715058378292642515816623927094
444,-4560,0.24941269160224527334790423083177
445,-4550,0.25170564558385727371714324362983
446,-4540,0.25400396154180704400005197385326
447,-4530,0.25631786553186641786084010163904
448,-4520,0.25865174236284133035823629143124
449,-4510,0.26099235794601671756254290812649
450,-4500,0.26336239594363813898425519255397
451,-4490,0.26575533550347957278958688220882
452,-4480,0.26810564074893566965940294721804
453,-4470,0.27051101466078159019090776382654
454,-4460,0.27292179034879654464518239365134
455,-4450,0.27534890092679947803944173756463
456,-4440,0.27772165805166365570855191435840
457,-4430,0.28014073446167592207345364840876
458,-4420,0.28258690826195004275334099475003
459,-4410,0.28503906905710768571182711639267
460,-4400,0.28747778271747481682041325257160
461,-4390,0.28992052719754829448461919128022
462,-4380,0.29237296183864824872244980724645
463,-4370,0.29481282587800361483232336468063
464,-4360,0.29725555191742891736339515773579
465,-4350,0.29967780163854262909239878354128
466,-4340,0.30210779343640631333656187962333
467,-4330,0.30455753044480982083541675820015
468,-4320,0.30702459878235560664094805360946
469,-4310,0.30949900710714062235240362497279
470,-4300,0.31194948471592826022558142540220
471,-4290,0.31431618600248356631965407359530
472,-4280,0.31669219326497793920438539316820
473,-4270,0.31903516651603069931297795847058
474,-4260,0.32138094855529653059988959284965
475,-4250,0.32369142398779199298886055657931
476,-4240,0.32600613703573705359772816336772
477,-4230,0.32832518571536511986508344307367
478,-4220,0.33063491027009550560222805870580
479,-4210,0.33288879215705124980928530931124
480,-4200,0.33515588797525636133300963592774
481,-4190,0.33742653566250130348080915609899
482,-4180,0.33966446812324341264499594217341
483,-4170,0.34190405775213783545751766723697
484,-4160,0.34415921132033538976102704509685
485,-4150,0.34638643855038142582714044692693
486,-4140,0.34860398433156386532871806593903
487,-4130,0.35077937722784546803467264908249
488,-4120,0.35294807833600017055175612767925
489,-4110,0.35510878911089466258843572177284
490,-4100,0.35727364342204431801874875418434
491,-4090,0.35942377233495520494344077633286
492,-4080,0.36160229277116318069573708271491
493,-4070,0.36376717500952082673393306322396
494,-4060,0.36589248515763406199852170175291
495,-4050,0.36803900578089954187532839569030
496,-4040,0.37015945167963515416431619087234
497,-4030,0.37227572000182401756873673548398
498,-4020,0.37437882616447998307407374340983
499,-4010,0.37649803513952401212705467514752
500,-4000,0.37860996425592330361098447610857
501,-3990,0.38068466435354003651880816505582
502,-3980,0.38274199421414334398861001318437
503,-3970,0.38481592162212896468531653226819
504,-3960,0.38684558971725796494567362060479
505,-3950,0.38886765173477366719367864789092
506,-3940,0.39087898402560833366337078587094
507,-3930,0.39292452964026275408215838069736
508,-3920,0.39497730951019555112324610490759
509,-3910,0.39697254701235351603827439248562
510,-3900,0.39899483964421872395078594308870
511,-3890,0.40096781965620731380539609745028
512,-3880,0.40294291718531100032762992668722
513,-3870,0.40491092717222659791431738085521
514,-3860,0.40688305364875970715488051610009
515,-3850,0.40884545009886424926648373912030
516,-3840,0.41085471848096277724948777176905
517,-3830,0.41283074767633159973811984855274
518,-3820,0.41481888698602387144376280048164
519,-3810,0.41683543723846161466184412347502
520,-3800,0.41879002936698195291853608068777
521,-3790,0.42071106339364866544272558712692
522,-3780,0.42260042282043697170479390479159
523,-3770,0.42449591226926086662274428817909
524,-3760,0.42638341730471901458443539922882
525,-3750,0.42827878881609804384567041779519
526,-3740,0.43013974364576473830013014776341
527,-3730,0.43199168406633198236121984336933
528,-3720,0.43387337178292295636339304110152
529,-3710,0.43572591505418628576862261070346
530,-3700,0.43752851587847307879286518073059
531,-3690,0.43935084618315461968407475978893
532,-3680,0.44113650498250073228589940299571
533,-3670,0.44297511795846911120122513239039
534,-3660,0.44478736784062095077629805928154
535,-3650,0.44659602652775820530450801015832
536,-3640,0.44837988122969330007094868051354
537,-3630,0.45016108074090721569149309289060
538,-3620,0.45193645991393632810328995219606
539,-3610,0.45375119590553575354974213951209
540,-3600,0.45551330934241324177591536681575
541,-3590,0.45723030738108616510828596801730
542,-3580,0.45893465458309473659070931716997
543,-3570,0.46063482851333198420107351012120
544,-3560,0.46230387915543330601408911206818
545,-3550,0.46400217510708163803911929790047
546,-3540,0.46565930882517675426512937519874
547,-3530,0.46730985090787008351398412742128
548,-3520,0.46893532831023576612494707660517
549,-3510,0.47053745168340693760811177526193
550,-3500,0.47214298501281132258711181748367
551,-3490,0.47374875415166195491423195562675
552,-3480,0.47533225403949930232272436114727
553,-3470,0.47689039029074659081786080605525
554,-3460,0.47843293904739203625808841024991
555,-3450,0.47996145128310546690286741977616
556,-3440,0.48147944788254060100030073954258
557,-3430,0.48298718977940741092780285725894
558,-3420,0.48448175253396319472898312596953
559,-3410,0.48596533546676651260654011821316
560,-3400,0.48741862730952745241808088394464
561,-3390,0.48889053537928978121485101837607
562,-3380,0.49035830864455309807681260281242
563,-3370,0.49178366337944834363327117898734
564,-3360,0.49323376732809059985740418596833
565,-3350,0.49469110421124889986899120231101
566,-3340,0.49609228169906827154989059636137
567,-3330,0.49750107685223488029890859252191
568,-3320,0.49889314029288406304729619478167
569,-3310,0.50028264545493406068032982147997
570,-3300,0.50166718487731742914803589883377
571,-3290,0.50302827794870452748909883666784
572,-3280,0.50436327191937913028141338145360
573,-3270,0.50565886677701699092324361117790
574,-3260,0.50696257748753492666793363241595
575,-3250,0.50825375626447411026020972713013
576,-3240,0.50954393198811021026273238021531
577,-3230,0.51083532924544106101905072137015
578,-3220,0.51211424592275833767018866637954
579,-3210,0.51343900952026544359796389471740
580,-3200,0.51468182681394902822091808047844
581,-3190,0.51589551981564196747598316505901
582,-3180,0.51706438674209476147325403871946
583,-3170,0.51824464022876381985582838751725
584,-3160,0.51941320234706445102546013004030
585,-3150,0.52053425597805880187252114410512
586,-3140,0.52165687022299966901783818684635
587,-3130,0.52275293436704206584408893832006
588,-3120,0.52381857901299011537332717125537
589,-3110,0.52490236565643555444182766223093
590,-3100,0.52597139641669987675243191915797
591,-3090,0.52703190568084168354801022360334
592,-3080,0.52807242873392223891926278156461
593,-3070,0.52911230171617007478346295101801
594,-3060,0.53012301733709399353955404876615
595,-3050,0.53111259217885642414103131159209
596,-3040,0.53211672885075600447635224554688
597,-3030,0.53309046154808270578939755068859
598,-3020,0.53406535479690053769274982187198
599,-3010,0.53501567383034076552661417736090
600,-3000,0.53596188541224376589156008776627
601,-2990,0.53689058998074401518607601246913
602,-2980,0.53781786509682893981931783855543
603,-2970,0.53872709320321998660574536188506
604,-2960,0.53962381948441906498459275098867
605,-2950,0.54051297731592828910152093158104
606,-2940,0.54137698178255522218904616238433
607,-2930,0.54224359133933841548014243016951
608,-2920,0.54311334479277262321517127929837
609,-2910,0.54396541678575882627910687006079
610,-2900,0.54480011817079632141513911847142
611,-2890,0.54565249838012086502914144148235
612,-2880,0.54649976503692010432189363200450
613,-2870,0.54733947736141774775830981525360
614,-2860,0.54818084062494520924957441820879
615,-2850,0.54901132642830519081655893387506
616,-2840,0.54984910863526015312174877180951
617,-2830,0.55068167108503296436339269348537
618,-2820,0.55150707040549473703094918164425
619,-2810,0.55232440925287729083237309168908
620,-2800,0.55315267441274817983298817125615
621,-2790,0.55394184734112117407534015001147
622,-2780,0.55472421890464940208431698920322
623,-2770,0.55550681054699357908077672618674
624,-2760,0.55627575090764069809523562071263
625,-2750,0.55703032763058757392826692012022
626,-2740,0.55778504605398682159034251526464
627,-2730,0.55852083690648268721190561336698
628,-2720,0.55924201042109666914825538697187
629,-2710,0.55997153464051918625443704513600
630,-2700,0.56067000727152238592765343128121
631,-2690,0.56136974376165693634277431556256
632,-2680,0.56205227491778464443683560602949
633,-2670,0.56274031498469656575878161675064
634,-2660,0.56339919638708613192079610598739
635,-2650,0.56407406237266655146811444865307
636,-2640,0.56472461628459780236255483032437
637,-2630,0.56535512915800634203833396895789
638,-2620,0.56599048443493071847143482955289
639,-2610,0.56660587029204023679085366893560
640,-2600,0.56722117319693332593288914722507
641,-2590,0.56782550646167373464834327023709
642,-2580,0.56841516354532750643357985609327
643,-2570,0.56898957902339841741223835924757
644,-2560,0.56955790824048047049643628270132
645,-2550,0.57012560002324130792317191662733
646,-2540,0.57069474570040734651144020972424
647,-2530,0.57124627646901138255941532406723
648,-2520,0.57182029867424211122539645657525
649,-2510,0.57236487148081571785240839744802
650,-2500,0.57289652710322758188965508452384
651,-2490,0.57343108094826467091564836664475
652,-2480,0.57396885278668408059132843845873
653,-2470,0.57450813910834419573347986442968
654,-2460,0.57503784684947345517969097272726
655,-2450,0.57557962635101644899293660273543
656,-2440,0.57611222548603757687146753596608
657,-2430,0.57663141952224583608455077410326
658,-2420,0.57715116654634579518301507050637
659,-2410,0.57766852622177944365233770440682
660,-2400,0.57816988479324182836904810756096
661,-2390,0.57866755262135793902444902414572
662,-2380,0.57916773955329070577846550804679
663,-2370,0.57966533466608127778130210572272
664,-2360,0.58015398014052954600572320487117
665,-2350,0.58064074466706616650668593138107
666,-2340,0.58113798652484038864685089720297
667,-2330,0.58162052729432500708384168319753
668,-2320,0.58209758337454353682716146067833
669,-2310,0.58256560521679767727931675835862
670,-2300,0.58303263919958203675975028090761
671,-2290,0.58350070196816772316594779113075
672,-2280,0.58394842739143737464502237344277
673,-2270,0.58439651616430932090651140242699
674,-2260,0.58485780023180711229002781692543
675,-2250,0.58531575502469579408426625377615
676,-2240,0.58575620829790675525572396509233
677,-2230,0.58621599242127275797287211389630
678,-2220,0.58666808216905319550704689390841
679,-2210,0.58712917850364831906517792958766
680,-2200,0.58758317379073399244759912107838
681,-2190,0.58802737997914233947227558019222
682,-2180,0.58846334430924551739394701144192
683,-2170,0.58890123296967988864025755901821
684,-2160,0.58933942895109681092691289450158
685,-2150,0.58978155641108642726067046169192
686,-2140,0.59020317278950051864683246094501
687,-2130,0.59062329959599646489465385457152
688,-2120,0.59105538908252064356219079854782
689,-2110,0.59147891143212594222688949230360
690,-2100,0.59190936784502268253049805935007
691,-2090,0.59232481705747275224638315194170
692,-2080,0.59273744254210314341690946093877
693,-2070,0.59314378730066985578872618134483
694,-2060,0.59355155231302314522423557718867
695,-2050,0.59396115847522146236059370494331
696,-2040,0.59435940961060995668674422631739
697,-2030,0.59476253712621285352213362784823
698,-2020,0.59516774048347764747290966624860
699,-2010,0.59556585617250334951933155025472
700,-2000,0.59596059854540517353171935610590
701,-1990,0.59634075208177472759984993899707
702,-1980,0.59672502840776664445598953534500
703,-1970,0.59710015053042675425842844560975
704,-1960,0.59747094113711274321332211911795
705,-1950,0.59784888160544336077606430990272
706,-1940,0.59823548060052256225560540769948
707,-1930,0.59860255772133597051976039438159
708,-1920,0.59896878047011226087192881095689
709,-1910,0.59933215117532534499389385018731
710,-1900,0.59970110957269862073104604860418
711,-1890,0.60006354723469701450966340416926
712,-1880,0.60042306957349889096064998739166
713,-1870,0.60078849089072428046875984364306
714,-1860,0.60114983810908717565268943872070
715,-1850,0.60151420925491116964423099489068
716,-1840,0.60186566561809118347525782155572
717,-1830,0.60221821779755346781826119695324
718,-1820,0.60258098665397930027154416166013
719,-1810,0.60295218140245065985283190457267
720,-1800,0.60332707681840691549268740345724
721,-1790,0.60368027929617384952365455319523
722,-1780,0.60401653016598244594348443570198
723,-1770,0.60437179662425766224487233557738
724,-1760,0.60471930942982088375003968394594
725,-1750,0.60506786842329673969942405165057
726,-1740,0.60542032580230742411231403821148
727,-1730,0.60577486632482002715249791435781
728,-1720,0.60610782350677483432122016893118
729,-1710,0.60645474853354131017368899847497
730,-1700,0.60678787751179596998696297305287
731,-1690,0.60711946942118710790481372896465
732,-1680,0.60745178113883224746416544803651
733,-1670,0.60778780722555236781801113465917
734,-1660,0.60811771223891375459658092950121
735,-1650,0.60844082455378356577568865759531
736,-1640,0.60875788334745895014066263684072
737,-1630,0.60907870897537963461587651181617
738,-1620,0.60939693603841060820514030638151
739,-1610,0.60971426111831106275928959803423
740,-1600,0.61003883725342955557380264508538
741,-1590,0.61034321078189279763392960376223
742,-1580,0.61065667783190091810752164747100
743,-1570,0.61096438369251970801343532002647
744,-1560,0.61126862853768881844729321528575
745,-1550,0.61157056298353096313036303399713
746,-1540,0.61187722157495283425987508962862
747,-1530,0.61218949405529643481571611118852
748,-1520,0.61249478871171281202379077512887
749,-1510,0.61279187901379517100508564908523
750,-1500,0.61309225020112012582984561959165
751,-1490,0.61340029815281815750438454415416
752,-1480,0.61368801777626336146909125091042
753,-1470,0.61399266723581513716112567635719
754,-1460,0.61429942987928620734550122506334
755,-1450,0.61459812478992970063984557782533
756,-1440,0.61489363151363995996234734775499
757,-1430,0.61520299716001558554268058287562
758,-1420,0.61550740450844287909859531282564
759,-1410,0.61581467547755019964483835792635
760,-1400,0.61612364293398547143709720330662
761,-1390,0.61643746246718744696835301510873
762,-1380,0.61674729465311339815514202200575
763,-1370,0.61705333086808222819996672114939
764,-1360,0.61734787330224427659430830317433
765,-1350,0.61765350047731848448506752902176
766,-1340,0.61794300717432015801477973582223
767,-1330,0.61823598990251182883071123796981
768,-1320,0.61852190051973154893971695855726
769,-1310,0.61881301002320199255990473830025
770,-1300,0.61910424696639632102801442670170
771,-1290,0.61940308080857175987432583497139
772,-1280,0.61969290430428669580464884347748
773,-1270,0.61997782666867684575606745056575
774,-1260,0.62025947320926777539540353245684
775,-1250,0.62055212805504711415238716654130
776,-1240,0.62083140640297662660174182747141
777,-1230,0.62111877416459737588638745364733
778,-1220,0.62140293794289513940043434558902
779,-1210,0.62169172412517381687280249025207
780,-1200,0.62196787740309078529321595851798
781,-1190,0.62225306802133417694022909927298
782,-1180,0.62253599752358956820330604386982
783,-1170,0.62281864673208742200216647688649
784,-1160,0.62309823076284809317826329788659
785,-1150,0.62338773931100177616571045291494
786,-1140,0.62366623026590584100148362267646
787,-1130,0.62392944227016700065036047817557
788,-1120,0.62419677701243647671702774459845
789,-1110,0.62446266636673719574446295155212
790,-1100,0.62473445734587229605239144802908
791,-1090,0.62499146040321185147092819534009
792,-1080,0.62525110884777934661116205461440
793,-1070,0.62550400107076675748629668305512
794,-1060,0.62576499326505186093783095202525
795,-1050,0.62601913731418967756781057687476
796,-1040,0.62627155148289426200847174186492
797,-1030,0.62652349124200445995569452861673
798,-1020,0.62677088838564420925081321911421
799,-1010,0.62703179496718419727585569489747
800,-1000,0.62728602033623981348853249073727
801,-990,0.62753068661610700296193954272894
802,-980,0.62777718705617169270283284276957
803,-970,0.62801458183169023286041010578629
804,-960,0.62826546582743725277708790599718
805,-950,0.62851387463071750616450117377099
806,-940,0.62874509832253522301215298284660
807,-930,0.62899846963212335815285314311041
808,-920,0.62925028265916582714822880006977
809,-910,0.62948916176216473949978080781875
810,-900,0.62974258408001870801484756157151
811,-890,0.62998176710713293946497515207739
812,-880,0.63023472073508346458226014874526
813,-870,0.63048834489890026588909677229822
814,-860,0.63073838435878526453848280652892
815,-850,0.63099051766101432736633114473079
816,-840,0.63124520514324011788431789682363
817,-830,0.63150209373245802524365899444092
818,-820,0.63175894479390648506011984864017
819,-810,0.63203636915440652987996372758062
820,-800,0.63229196803813991767384550257702
821,-790,0.63254290610606533906690174262621
822,-780,0.63278896091931424727761168469442
823,-770,0.63304230246065607001781927465345
824,-760,0.63329829175563412402283347546472
825,-750,0.63356121663667930299368435953511
826,-740,0.63382432447286052301649306173204
827,-730,0.63408093723993352863743666603114
828,-720,0.63434341836828700422756810439751
829,-710,0.63460054319611036710568896523910
830,-700,0.63487980403418853292407675326103
831,-690,0.63515064978269519802012155196280
832,-680,0.63543019968415836995490053595859
833,-670,0.63570481997738936819075661333045
834,-660,0.63600217392996416521100400132127
835,-650,0.63628957294045962456152665254194
836,-640,0.63658802057192975798471934467671
837,-630,0.63688957351396346950878069037572
838,-620,0.63720390087228284681231116337585
839,-610,0.63753055043560280523706751409918
840,-600,0.63787284029121849027177404423128
841,-590,0.63821191970044754970814437911031
842,-580,0.63856349198350581541916426431271
843,-570,0.63892763015708708973505736139487
844,-560,0.63930132867247846384373133332701
845,-550,0.63967812204240781515096614384674
846,-540,0.64006814511534726452879340286017
847,-530,0.64047136493667622403336281422526
848,-520,0.64086925197268373999293089582352
849,-510,0.64127839707760958543047991042840
850,-500,0.64168314937581061307980689889519
851,-490,0.64211770659462430455022285968880
852,-480,0.64253923868198503654980413557496
853,-470,0.64296814650482447817125830624718
854,-460,0.64341256788173961655985522156698
855,-450,0.64385403467890167661380473873578
856,-440,0.64430891357082431536440481067984
857,-430,0.64476378545923862528610470690182
858,-420,0.64522701316887731692872876010370
859,-410,0.64569009417518052895701430315967
860,-400,0.64616971643644394163175093126483
861,-390,0.64665995989411417799175296750036
862,-380,0.64714845214039673493289228645153
863,-370,0.64763244215830395589250656485092
864,-360,0.64814070365797760153725448617479
865,-350,0.64866266105066805458534417994088
866,-340,0.64921651724248263803929148707539
867,-330,0.64979028055574683531148139081779
868,-320,0.65038068482817890103575564353378
869,-310,0.65099386627041322395115230392548
870,-300,0.65162638814226747641100701002870
871,-290,0.65226682938038538228653351325192
872,-280,0.65292884215578272932845038667438
873,-270,0.65360183625192846967877358110854
874,-260,0.65428336673430320669098136932007
875,-250,0.65497461974969983788952276881901
876,-240,0.65566254966487591548940372376819
877,-230,0.65637165112639639374947364558466
878,-220,0.65711134502265788892572118129465
879,-210,0.65790037720292804390709306971985
880,-200,0.65876025175327634908484242259874
881,-190,0.65968580093106865547269990202039
882,-180,0.66066143761076345786165120443911
883,-170,0.66171661713698515239201469739783
884,-160,0.66285683200989609087372400608729
885,-150,0.66418494530895499927680702967336
886,-140,0.66570577712017209304207199238590
887,-130,0.66740666086854916194681663910160
888,-120,0.66926964197476723761326411477057
889,-110,0.67137405827364371457832703526947
890,-100,0.67374206803749958627491878360161
891,-90,0.67645359713251451694304705597460
892,-80,0.67959850401693699950556037947536
893,-70,0.68329781910980369463715078381938
894,-60,0.68738709815499399180538375730976
895,-50,0.69162714240768286000360376419849
896,-40,0.69589628292289795741254465610837
897,-30,0.70080365833950608589475450571626
898,-20,0.70560595613271237525054857542273
899,-10,0.70955014446747932677084236274823
900,0,0.71447366188050620561256209839485
901,10,0.71865948733683804316996202032897
902,20,0.72269283515117066496458164692740
903,30,0.72663496545590677833104109595297
904,40,0.73089052305378110485634124415810
905,50,0.73549944397034083820585692592431
906,60,0.73983574754256087313564194118953
907,70,0.74390220031804499267735764078679
908,80,0.74795106978293779409483477138565
909,90,0.75201690054858505440904536953894
910,100,0.75617064045174176012409361646860
911,110,0.76035490171992570207493145062472
912,120,0.76451184968211138848204200257896
913,130,0.76859655529422865605226888874313
914,140,0.77259404372389384185737526422599
915,150,0.77655715424307103500467519552330
916,160,0.78022724212604144256033578130882
917,170,0.78384018506832242589865700210794
918,180,0.78729284542662447687888516156818
919,190,0.79059326575206689824426575796679
920,200,0.79389619572982694784002433152637
921,210,0.79708315620432002024386974881054
922,220,0.80017493472448608660130275893607
923,230,0.80320125894333394001023407327011
924,240,0.80613009938587132374721022642916
925,250,0.80901737779701266006782134354580
926,260,0.81209080150334023162628227510140
927,270,0.81521003503993283434425620725960
928,280,0.81830304503620132638985751327709
929,290,0.82142587710488856878043861797778
930,300,0.82442019169048219584539083371055
931,310,0.82734056629998908860557094158139
932,320,0.83022235176789083155313164752442
933,330,0.83313941589943352195035686236224
934,340,0.83596762673064528570421316544525
935,350,0.83863690302859272840407811600016
936,360,0.84127248891451300583099737195880
937,370,0.84382300333067650210949750544387
938,380,0.84636205174922185534569507581182
939,390,0.84902697058196219259684767166618
940,400,0.85165746310459666812420209680567
941,410,0.85418544896786208209249480205472
942,420,0.85663734557017401360923258835101
943,430,0.85897120164676576958839859798900
944,440,0.86120623543709129421586112584919
945,450,0.86332986213724682844627977829077
946,460,0.86545577134785178774478708874085
947,470,0.86755067690918463707561159026227
948,480,0.86949974840284860455597026884789
949,490,0.87135521343430066831814428951475
950,500,0.87317532046120671651578959426843
951,510,0.87490460801309333227493425511057
952,520,0.87660281646953608358785459131468
953,530,0.87824638703209623180612197757000
954,540,0.87985749490277831430518062916235
955,550,0.88140798880344795040997496471391
956,560,0.88293188249883269858031553667388
957,570,0.88436950981397355331381504583987
958,580,0.88578812668797968221667815669207
959,590,0.88716773907195423110039200764732
960,600,0.88851637284689455320574325014604
961,610,0.88983795230145101839980270597152
962,620,0.89112531254553206672142096067546
963,630,0.89236355395176270022261633130256
964,640,0.89358153442759136186879231900093
965,650,0.89475310677333919073817014577799
966,660,0.89590258073483164391603850162937
967,670,0.89704305244048831990966164084966
968,680,0.89815177739398754930277846142417
969,690,0.89924318575660067143218157070805
970,700,0.90031436189645830392436209876905
971,710,0.90134958772050410846787826812943
972,720,0.90233800232489980164274356866372
973,730,0.90331218268873048060640940093435
974,740,0.90425268059355223826401015685406
975,750,0.90517355756598283367253543474362
976,760,0.90613838470828389493050281089381
977,770,0.90703088655362584802333003608510
978,780,0.90789812958549509502859109488782
979,790,0.90878910556254643982043717187480
980,800,0.90967967402700122825365269818576
981,810,0.91052698922283281657286124755046
982,820,0.91136366163313387023237055473146
983,830,0.91216553388626209208922546167742
984,840,0.91299245588918265248423722368898
985,850,0.91379498862440711182131281020702
986,860,0.91460251494612265776851245391299
987,870,0.91538461938674642315305618467391
988,880,0.91619283761669223498103065139730
989,890,0.91697396239291972808160835484159
990,900,0.91777986733146432740682030271273
991,910,0.91857441760506586270196294208290
992,920,0.91937182556257102117314161660033
993,930,0.92017695361841855827833569492213
994,940,0.92099628521910514855619567242684
995,950,0.92179384753482007663905051231268
996,960,0.92257379597976429952410626356141
997,970,0.92333357232758350718881956709083
998,980,0.92411609571216823955097652287805
999,990,0.92490225737780740189464268041775
1000,1000,0.92568955044002942944558753879392
1001,1010,0.92645344162473697302573327760911
1002,1020,0.92722566452073051923576940680505
1003,1030,0.92799624008881909098533924407093
1004,1040,0.92876521341574624912595936621074
1005,1050,0.92955132071124868531342144706286
1006,1060,0.93029313288915560509195756822010
1007,1070,0.93104573434392134956283371138852
1008,1080,0.93180263640572325023470057203667
1009,1090,0.93256860255634210776776171769598
1010,1100,0.93333028290932606996221920780954
1011,1110,0.93408559723715056666293321541161
1012,1120,0.93480618622735922595978763638414
1013,1130,0.93564415906758047203339856423554
1014,1140,0.93636918782243649950203234766377
1015,1150,0.93708207292689893463943917595316
1016,1160,0.93779997793683456119850916365976
1017,1170,0.93848918796102098749400965971290
1018,1180,0.93916974746449699562589330525952
1019,1190,0.93983267616377097475321988895303
1020,1200,0.94050631219927161019711547851330
1021,1210,0.94113882275904048313464045349974
1022,1220,0.94175037353612034429772847943241
1023,1230,0.94236649354980850379348567003035
1024,1240,0.94294625187084701867235025929403
1025,1250,0.94350845273235761645480579318246
1026,1260,0.94407738314612310581708243262256
1027,1270,0.94463935724064651555664795523626
1028,1280,0.94520175041036924579174183236319
1029,1290,0.94573935933062747150046334354556
1030,1300,0.94626022376800600355295500776265
1031,1310,0.94679242983857958559923417851678
1032,1320,0.94730949165051525628911122112186
1033,1330,0.94780699895183939673870554543100
1034,1340,0.94830316549278470539263707905775
1035,1350,0.94880336840301393586116773803951
1036,1360,0.94928046300295032544624973525060
1037,1370,0.94975909366082122975427637356916
1038,1380,0.95021954494522908873932465212420
1039,1390,0.95066905389389044778170045901788
1040,1400,0.95112438097524032443175201478880
1041,1410,0.95156443378835608992716288412339
1042,1420,0.95198371590913644091358492005384
1043,1430,0.95239556321885721068554175872123
1044,1440,0.95280126121038943853847058562678
1045,1450,0.95321823518432535760069868047140
1046,1460,0.95362439603833371037922006507870
1047,1470,0.95401272421123073375071044210927
1048,1480,0.95440476987366507088950129400473
1049,1490,0.95477403753114076234709273194312
1050,1500,0.95514856498734534984151878234115
1051,1510,0.95551545134928195235346493063844
1052,1520,0.95588218711902828150783761884668
1053,1530,0.95623299054496102566957915769308
1054,1540,0.95658753187979939092144832102349
1055,1550,0.95692828318113964947144722827943
1056,1560,0.95726689367083650505918512862991
1057,1570,0.95760964512742219323371273276280
1058,1580,0.95795145881845900071027699596016
1059,1590,0.95827972911324710292291229052353
1060,1600,0.95860359151471974392677566356724
1061,1610,0.95891145838683455870921079622349
1062,1620,0.95922041348828801510251196305035
1063,1630,0.95951572474366608744844597822521
1064,1640,0.95982187740733659886416262452258
1065,1650,0.96011025193446553060994119732641
1066,1660,0.96039673810320136393414713893435
1067,1670,0.96068280459803323534373475922621
1068,1680,0.96097076759158761571910645216121
1069,1690,0.96125470289714176619355612274376
1070,1700,0.96153878774841361476433121424634
1071,1710,0.96181147324944094023635443591047
1072,1720,0.96209567370020132592856043629581
1073,1730,0.96235721814867081214117661147611
1074,1740,0.96262076122306128311834072519559
1075,1750,0.96288211733669371028554451186210
1076,1760,0.96314436975384731809413096925709
1077,1770,0.96340580777263096212692516928655
1078,1780,0.96367022403779212247343366470886
1079,1790,0.96392198695268160868465656676563
1080,1800,0.96417023662824430374485018546693
1081,1810,0.96441445957962257384821214145632
1082,1820,0.96464618421426828742681891526445
1083,1830,0.96488874101889621215377701446414
1084,1840,0.96513027034434484274783017099253
1085,1850,0.96537071157643783436697049182840
1086,1860,0.96560500512166158593174714042107
1087,1870,0.96583085312215100071142614979181
1088,1880,0.96607145625458823445796952000819
1089,1890,0.96630668876432168623580309940735
1090,1900,0.96653326564421560007644984580111
1091,1910,0.96675513008751112753458301085630
1092,1920,0.96698155046369693721430849109311
1093,1930,0.96720303986646227745183068691404
1094,1940,0.96741860494950615567688601004193
1095,1950,0.96763801100874613503322052565636
1096,1960,0.96784478036817145341075274700415
1097,1970,0.96806663292303962720097842975520
1098,1980,0.96828499562568526304318083930411
1099,1990,0.96850046422779334509556292687193
1100,2000,0.96871200171475324580683263775427
1101,2010,0.96892337645521731115394459266099
1102,2020,0.96913309330479280312431455968181
1103,2030,0.96934557371126994773646856629057
1104,2040,0.96955320150749613183904784818878
1105,2050,0.96975482735145002166632366424892
1106,2060,0.96996176724468063934381234503235
1107,2070,0.97016201984520800127853590311133
1108,2080,0.97037066025866791640908104454866
1109,2090,0.97057268588805833964272551384056
1110,2100,0.97077065100146375797862674517091
1111,2110,0.97097456357602063281575510700350
1112,2120,0.97116884278958115483959545599646
1113,2130,0.97136599886137653392381707817549
1114,2140,0.97155876051358813771940958758933
1115,2150,0.97175699289096195698789415473584
1116,2160,0.97195634727468427360719260832411
1117,2170,0.97214383308804896977051157591632
1118,2180,0.97233549710253763809220117764198
1119,2190,0.97252122882693403660425701673375
1120,2200,0.97269781395972043647191185300471
1121,2210,0.97287826042025649098121675706352
1122,2220,0.97305789034005518711722970692790
1123,2230,0.97324530765539196686120249069063
1124,2240,0.97342605805701343246738588277367
1125,2250,0.97360219240343737201470730724395
1126,2260,0.97377800290234539648537293032859
1127,2270,0.97395723369095188459709788730834
1128,2280,0.97412682109573101030264297151007
1129,2290,0.97430029069189372226134082666249
1130,2300,0.97447559675018913249999741310603
1131,2310,0.97465454479269564291854521798086
1132,2320,0.97483546076706018013169341429602
1133,2330,0.97501443208736815471127101773163
1134,2340,0.97518547998457971726082860186580
1135,2350,0.97535636636787848008367518559680
1136,2360,0.97552665690046169721938440488884
1137,2370,0.97569708319035708399269424262457
1138,2380,0.97587323055219932221859835408395
1139,2390,0.97604611882886083140675737013225
1140,2400,0.97621565363460172104481671340181
1141,2410,0.97638586697779017331555451164604
1142,2420,0.97655078045425469657203620954533
1143,2430,0.97672460985989728587952640737058
1144,2440,0.97689615296268139665869512100471
1145,2450,0.97706696861202435577808955713408
1146,2460,0.97724308060720033175527987623354
1147,2470,0.97741316085487250919783264180296
1148,2480,0.97758855079242834573705067668925
1149,2490,0.97775751133028276917968923953595
1150,2500,0.97792717907503468044438932338380
1151,2510,0.97809442256158762862838784712949
1152,2520,0.97825576570178651714115858339937
1153,2530,0.97842564961342037843650132344919
1154,2540,0.97859449902820305755568597305682
1155,2550,0.97876855244435312375372859605704
1156,2560,0.97893487390814848403408632293576
1157,2570,0.97909474163273224611714340426261
1158,2580,0.97925614829373786029975690325955
1159,2590,0.97941818587911488869224285735982
1160,2600,0.97958295812591644757816311539500
1161,2610,0.97974733758196763666603601450333
1162,2620,0.97990831565662050994802712011733
1163,2630,0.98006258384448374787467628266313
1164,2640,0.98022142809056156398384018757497
1165,2650,0.98036517768535802463958361840923
1166,2660,0.98051755338360779834516733899363
1167,2670,0.98066622740224707044376373232808
1168,2680,0.98082926112406598750936836950132
1169,2690,0.98098871813583488066257132231840
1170,2700,0.98114036252849456953839535344741
1171,2710,0.98129288241728429564858515732340
1172,2720,0.98144903798339533373962240148103
1173,2730,0.98160078627706270903985341647058
1174,2740,0.98176044638911563744443355972180
1175,2750,0.98191698768395063723346538608894
1176,2760,0.98206296453966612780561717954697
1177,2770,0.98221065548817931833980310329935
1178,2780,0.98235218087187925473102723117336
1179,2790,0.98249266569442450514060283239814
1180,2800,0.98262868730808350381522586758365
1181,2810,0.98276462154362231871118638082407
1182,2820,0.98290851065210405046457253774861
1183,2830,0.98305874512440860613082804775331
1184,2840,0.98320115631514726217687893949915
1185,2850,0.98334139729966041354458639034419
1186,2860,0.98348395088066753455535717876046
1187,2870,0.98362998167203818944415161240613
1188,2880,0.98377724844510472390624045146978
1189,2890,0.98391909137667310503161388623994
1190,2900,0.98405684375029445210003586907987
1191,2910,0.98419583629365670063293691782746
1192,2920,0.98433378122538739418700970418286
1193,2930,0.98446972102025953610393571580062
1194,2940,0.98460169725830548603795477902167
1195,2950,0.98473472894564173518716643229709
1196,2960,0.98487037483111394831070128930151
1197,2970,0.98500541007872799426081655838061
1198,2980,0.98514595702695673118398644874105
1199,2990,0.98528629098449049816821343483753
1200,3000,0.98542463696627513591863589681452
1201,3010,0.98555585912507792656356286897790
1202,3020,0.98569579814320873456523486311198
1203,3030,0.98585197455202544514207829706720
1204,3040,0.98600236804704777249241942627123
1205,3050,0.98614841445509460182705652186996
1206,3060,0.98630275521675636607454862314626
1207,3070,0.98646007301997074012689381561358
1208,3080,0.98661652068533944870409868599381
1209,3090,0.98675538034438503576240009351750
1210,3100,0.98689259332055967455232803331455
1211,3110,0.98702987329667613014549942818121
1212,3120,0.98716748798585618462908541914658
1213,3130,0.98730336215301151003842505815555
1214,3140,0.98743639419828732606276844308013
1215,3150,0.98757764247608459395877389397356
1216,3160,0.98771743009931967094416904728860
1217,3170,0.98785499499580231574924482629285
1218,3180,0.98797516972983545624487078384846
1219,3190,0.98811385818131869385183563281316
1220,3200,0.98823287313855479041535545547958
1221,3210,0.98835818797775443211861556846998
1222,3220,0.98848043181152256408950051991269
1223,3230,0.98860451072457111720837019674946
1224,3240,0.98872834441704582353338537359377
1225,3250,0.98883815298917954184076961610117
1226,3260,0.98894796672472728982228318272973
1227,3270,0.98905119482315584367171368285199
1228,3280,0.98915015818310403350466231131577
1229,3290,0.98924988719109707702159539621789
1230,3300,0.98934443728262544404117306839908
1231,3310,0.98944635984280115970079805265414
1232,3320,0.98954236807220541383145473446348
1233,3330,0.98964097040421816764421691914322
1234,3340,0.98973461118094552269042196712689
1235,3350,0.98983362335016766841988555825083
1236,3360,0.98992732939379723955397594181704
1237,3370,0.99002605225993145499074898907566
1238,3380,0.99011810234675767805612167649087
1239,3390,0.99021355652628662014080873632338
1240,3400,0.99031011724217954395044216653332
1241,3410,0.99040454816118661529600331050460
1242,3420,0.99050161476505027557948324101744
1243,3430,0.99060773173424032655987048201496
1244,3440,0.99070854562319332625719425777788
1245,3450,0.99080682511155004910108345939079
1246,3460,0.99090507613686096277660908526741
1247,3470,0.99100289153799392405375101589016
1248,3480,0.99109939286382842116296387757757
1249,3490,0.99119552210744665821096077706898
1250,3500,0.99129223115954745448874518842786
1251,3510,0.99139258397228513519650050511700
1252,3520,0.99150211029825108255408849800006
1253,3530,0.99161499671720676474251376930624
1254,3540,0.99171607065329525632080276409397
1255,3550,0.99181099944855333205850911326706
1256,3560,0.99190212188153581429617133835563
1257,3570,0.99199648530464812345996961084893
1258,3580,0.99209353592572080415834534505848
1259,3590,0.99218617520648222374290980951628
1260,3600,0.99227460833817937579937051850720
1261,3610,0.99236507326559975084023790259380
1262,3620,0.99245054616496120036828187949141
1263,3630,0.99253863567729694317165467509767
1264,3640,0.99262617414181186781263477314496
1265,3650,0.99272440403672579378735463251360
1266,3660,0.99283438845897897806480614235625
1267,3670,0.99292710852782584129982978993212
1268,3680,0.99302359877899071260998198340531
1269,3690,0.99312344316485146045181409135694
1270,3700,0.99321822765907297192455871481798
1271,3710,0.99331054399578599944931056597852
1272,3720,0.99339987483589053951504865835886
1273,3730,0.99348770910336103856508316312102
1274,3740,0.99357765357011251783347915988998
1275,3750,0.99365826302565629646323941415176
1276,3760,0.99374056348241213143523964390624
1277,3770,0.99381274062717772643793523457134
1278,3780,0.99388551428171723056692599129747
1279,3790,0.99394403970041955709291414677864
1280,3800,0.99399675945409815547293419513153
1281,3810,0.99405562121072510439745428811875
1282,3820,0.99410844452727187281482201797189
1283,3830,0.99415459428976715727799273736309
1284,3840,0.99420240405972770680875783000374
1285,3850,0.99425188527821350970015146231162
1286,3860,0.99430096282179336597550900478382
1287,3870,0.99434869503245026933768713206518
1288,3880,0.99439593808753989900850456251646
1289,3890,0.99444249195860612289266100560781
1290,3900,0.99448827173952636382381342627923
1291,3910,0.99453238134001065162692611920647
1292,3920,0.99457745288200072319995115321944
1293,3930,0.99462208343854774383885342103895
1294,3940,0.99466147356247625044289861762081
1295,3950,0.99470191385972073216947819673805
1296,3960,0.99474475433045461691961008909857
1297,3970,0.99478709856767078001382742513670
1298,3980,0.99482729751071019563823938369751
1299,3990,0.99486787444090762910775538330199
1300,4000,0.99490837181162494751163194450783
1301,4010,0.99494681869934076257067090409691
1302,4020,0.99498596177715581401201916378341
1303,4030,0.99502304419840692517595925892238
1304,4040,0.99506225394102409964602884429041
1305,4050,0.99509739389525153629989517867216
1306,4060,0.99513114272539482385582232382149
1307,4070,0.99516397365796893659251054486958
1308,4080,0.99519382963954228227265730311046
1309,4090,0.99522541229503336257522505547968
1310,4100,0.99526021014908527817510730528738
1311,4110,0.99529150526519227781818699440919
1312,4120,0.99532087277315095530383359800908
1313,4130,0.99535411094674020038297612700262
1314,4140,0.99538407510627624485977094082045
1315,4150,0.99541120961440632264327632583445
1316,4160,0.99544094846420894118210753731546
1317,4170,0.99547353176534159047150751575828
1318,4180,0.99550100498028193385380291147158
1319,4190,0.99553086146395397548758410266601
1320,4200,0.99556654970326197151564429077553
1321,4210,0.99559645065667268237774578665267
1322,4220,0.99562681830359833767829513817560
1323,4230,0.99565962958584108832837955560535
1324,4240,0.99569277999612626484093880208093
1325,4250,0.99572652842501252479223694535904
1326,4260,0.99575969617661408417319535146817
1327,4270,0.99579295975159021203637621511007
1328,4280,0.99582832032254653409353295501205
1329,4290,0.99586475262516571671511655949871
1330,4300,0.99589833811481032199708351981826
1331,4310,0.99593184467022055628149246331304
1332,4320,0.99596417113432722523214124521473
1333,4330,0.99599501040391902328963169566123
1334,4340,0.99602282329198232879718943877378
1335,4350,0.99605968422658686112214354579919
1336,4360,0.99609530046904604105861835705582
1337,4370,0.99613015625571477151822818996152
1338,4380,0.99616630228647695677324236385175
1339,4390,0.99620272533657006075458184568561
1340,4400,0.99623793859211473566972472326597
1341,4410,0.99626965321039606671149613248417
1342,4420,0.99630491370681772966833023019717
1343,4430,0.99634139135480126459043503928115
1344,4440,0.99637771830302346298680049585528
1345,4450,0.99641303185110075002484109063516
1346,4460,0.99644757550322182737545517738909
1347,4470,0.99648472249120867427762959778192
1348,4480,0.99652159448220212212277147045825
1349,4490,0.99655791472044874534930158915813
1350,4500,0.99659210580347268315648534553475
1351,4510,0.99663262660701323891743186322856
1352,4520,0.99667039181021033211749227120890
1353,4530,0.99671526536313803656952359233401
1354,4540,0.99675744755146322706451655903948
1355,4550,0.99679840739005898253566329003661
1356,4560,0.99684025267864295738462487861398
1357,4570,0.99687720147560432426558918450610
1358,4580,0.99691400532012386381808255464421
1359,4590,0.99695414256504333305741738513461
1360,4600,0.99699635087336324623663585953182
1361,4610,0.99703662291882955148736300543533
1362,4620,0.99707729156839519646382541395724
1363,4630,0.99712317524246141253740915999515
1364,4640,0.99716521299408633627336939753150
1365,4650,0.99720441479933008555036622055923
1366,4660,0.99724620944080089035566061284044
1367,4670,0.99728601932139593344572858768515
1368,4680,0.99732925156298513069685895970906
1369,4690,0.99737284196620423770696106657851
1370,4700,0.99741309122807553233513999657589
1371,4710,0.99745603502363422432352990654181
1372,4720,0.99749756639636655286551558674546
1373,4730,0.99754064640442152711585777069558
1374,4740,0.99757824999818389688499564726953
1375,4750,0.99761717669334415425907991448184
1376,4760,0.99765277372906147057562975533074
1377,4770,0.99769273429289573318357042808202
1378,4780,0.99773188490892561475220645661466
1379,4790,0.99777109389912443937475927668856
1380,4800,0.99781142202240635796783863042947
1381,4810,0.99785103471050040635503819430596
1382,4820,0.99788940932132719208169646663009
1383,4830,0.99792864680285708889329043813632
1384,4840,0.99796791072798451960323973253253
1385,4850,0.99800964515836454449271286648582
1386,4860,0.99804863887002703837225681127165
1387,4870,0.99809276765514165496995246940060
1388,4880,0.99813334375754181326811931285192
1389,4890,0.99817561772241780726488968866761
1390,4900,0.99821813811489157330925081623718
1391,4910,0.99826158348481763837867219990585
1392,4920,0.99830101210132682343356691490044
1393,4930,0.99834425894966583037160035019042
1394,4940,0.99838993830474298540877953200834
1395,4950,0.99843666485214155326133322887472
1396,4960,0.99848160067690450159005877139862
1397,4970,0.99852540885379370561025780261843
1398,4980,0.99856844630103003268573047535028
1399,4990,0.99860626665087037778789635922294
1400,5000,0.99864892490691736792740584860439
1401,5010,0.99869446881579337915724181584665
1402,5020,0.99873523428393029544025694121956
1403,5030,0.99877080340667134805698879063129
1404,5040,0.99880905442223422152636658211122
1405,5050,0.99884771431981367317831654872862
1406,5060,0.99888730678635417881139346718555
1407,5070,0.99892887118025730508463766454952
1408,5080,0.99896414064637173435556860567885
1409,5090,0.99899790267731414239449350134237
1410,5100,0.99902968413506754163933010204346
1411,5110,0.99906329035596153076426162442658
1412,5120,0.99909625663798096173451313006808
1413,5130,0.99912744804294484346485205605859
1414,5140,0.99915417212184265416397010994842
1415,5150,0.99918455551571561112922381653334
1416,5160,0.99921218119827859283077486907132
1417,5170,0.99924160248885385282591187205981
1418,5180,0.99926931829622522851508392705000
1419,5190,0.99929826031203450309448044208693
1420,5200,0.99932136941114191319712745098514
1421,5210,0.99934654123029509342757137346780
1422,5220,0.99936741663104988742105661003734
1423,5230,0.99938717289976330970802109732176
1424,5240,0.99940939081044932734698704734910
1425,5250,0.99943162695609433221477502229391
1426,5260,0.99945260321026252459120087223710
1427,5270,0.99947210858771917685317021096125
1428,5280,0.99949349777533202932033873366890
1429,5290,0.99951520284774331148724968443275
1430,5300,0.99953490929501609407736850698711
1431,5310,0.99955241452555276815417073521530
1432,5320,0.99957056132478927512607924654731
1433,5330,0.99958598348060268001802342041628
1434,5340,0.99960043598609393811216250469442
1435,5350,0.99961788486555880339778923371341
1436,5360,0.99963119118480703306772738869768
1437,5370,0.99964534104645275114364721957827
1438,5380,0.99965850063823391558059938688530
1439,5390,0.99967275685733203438587679556804
1440,5400,0.99968540346677770003225305117667
1441,5410,0.99969879959389862378316138347145
1442,5420,0.99971088997014567745225122052943
1443,5430,0.99972322354024956148066394234775
1444,5440,0.99973384571916668051017040852457
1445,5450,0.99974553747738181819215697032632
1446,5460,0.99975545855092118330276207416318
1447,5470,0.99976572599393098705888860422419
1448,5480,0.99977545231365216871211032412248
1449,5490,0.99978595219955523898391902548610
1450,5500,0.99979614972170549602736855376861
1451,5510,0.99980450218588567956601309560938
1452,5520,0.99981193578330396221076625806745
1453,5530,0.99982045439484035220800706156297
1454,5540,0.99982853486420442123971952241845
1455,5550,0.99983540122239145109261926336330
1456,5560,0.99984201954327311945291967276717
1457,5570,0.99984754171051559712424250392360
1458,5580,0.99985325935548186038204221404158
1459,5590,0.99986221242754247384709742618725
1460,5600,0.99986845815732161568689662090037
1461,5610,0.99987457848877137056575747919851
1462,5620,0.99988102587666671805521900751046
1463,5630,0.99988669591341949871576844088850
1464,5640,0.99989195245201090145314992696512
1465,5650,0.99989701555103183139294742431957
1466,5660,0.99990013998947879780843095431919
1467,5670,0.99990375382884422172935501293978
1468,5680,0.99990897522482624637518711097073
1469,5690,0.99991274140884855992084112585871
1470,5700,0.99991677344198048871248829527758
1471,5710,0.99992094866182756884853688461590
1472,5720,0.99992678294559955709530640888261
1473,5730,0.99993142397882572858236471802229
1474,5740,0.99993456945368031085763504961506
1475,5750,0.99993908063611669501113965452532
1476,5760,0.99994297946000976207159283148940
1477,5770,0.99994612420561046484124290145701
1478,5780,0.99994929670228771545481549765100
1479,5790,0.99995221502654474399207629176090
1480,5800,0.99995507299892527619533666438656
1481,5810,0.99995791297870828540084175983793
1482,5820,0.99996014710947545012231785221957
1483,5830,0.99996281554095645116575497013400
1484,5840,0.99996489705176638818073797665420
1485,5850,0.99996669367691193297531526695821
1486,5860,0.99996862411437903439548335882137
1487,5870,0.99997127919518813410348911929759
1488,5880,0.99997304102273121273469769221265
1489,5890,0.99997469454975096425641822861508
1490,5900,0.99997541240744414192676003949600
1491,5910,0.99997702976710101108182016105275
1492,5920,0.99997805477926671180455286958022
1493,5930,0.99997969895888749736201361884014
1494,5940,0.99998044524186791015551989403320
1495,5950,0.99998104782134278334382315733819
1496,5960,0.99998177950064504049265678986558
1497,5970,0.99998283132650567228694171717507
1498,5980,0.99998341518949951378658624889795
1499,5990,0.99998385137988510251716434140690
1500,6000,0.99998428221915858227220041953842
1501,6010,0.99998502424062662985448923791409
1502,6020,0.99998576648980352921114445052808
1503,6030,0.99998648997196493137806783124688
1504,6040,0.99998796183416882588090857097995
1505,6050,0.99998840980391301425100891719921
1506,6060,0.99998898899244248461570805375231
1507,6070,0.99998956134127858774718333734199
1508,6080,0.99998956134127858774718333734199
1509,6090,0.99998999957257750370587245924980
1510,6100,0.99999029069681233394817354565021
1511,6110,0.99999148833848405804047843048465
1512,6120,0.99999208119290095009290553207393
1513,6130,0.99999295402567944801575094970758
1514,6140,0.99999354535980689018259681688505
1515,6150,0.99999412690670819170435379419359
1516,6160,0.99999457224257859433436124163563
1517,6170,0.99999501947772095888922194717452
1518,6180,0.99999533083297509339359976365813
1519,6190,0.99999547535520150187693388943444
1520,6200,0.99999561896950173167653019845602
1521,6210,0.99999608748868495933237454664777
1522,6220,0.99999623216117006219150198376155
1523,6230,0.99999638870527263190268740800093
1524,6240,0.99999681637179393955960904349922
1525,6250,0.99999697267040832393547589163063
1526,6260,0.99999697267040832393547589163063
1527,6270,0.99999728696246670267555600730702
1528,6280,0.99999728696246670267555600730702
1529,6290,0.99999742934929791715603641932830
1530,6300,0.99999757387152432563937054510461
1531,6310,0.99999757387152432563937054510461
1532,6320,0.99999757387152432563937054510461
1533,6330,0.99999773102354350129417071002536
1534,6340,0.99999773102354350129417071002536
1535,6350,0.99999788387948529422288856949308
1536,6360,0.99999802840171170270622269526939
1537,6370,0.99999802840171170270622269526939
1538,6380,0.99999831744616440865058848430635
1539,6390,0.99999846196839081713392261008266
1540,6400,0.99999846196839081713392261008266
1541,6410,0.99999846196839081713392261008266
1542,6420,0.99999846196839081713392261008266
1543,6430,0.99999846196839081713392261008266
1544,6440,0.99999846196839081713392261008266
1545,6450,0.99999846196839081713392261008266
1546,6460,0.99999846196839081713392261008266
1547,6470,0.99999876151546429614569433397264
1548,6480,0.99999891731913459480551864544395
1549,6490,0.99999907374065866161316762372735
1550,6500,0.99999922979246158583066517167026
1551,6510,0.99999922979246158583066517167026
1552,6520,0.99999922979246158583066517167026
1553,6530,0.99999922979246158583066517167026
1554,6540,0.99999938559613188449048948314157
1555,6550,0.99999938559613188449048948314157
1556,6560,0.99999938559613188449048948314157
1557,6570,0.99999938559613188449048948314157
1558,6580,0.99999938559613188449048948314157
1559,6590,0.99999938559613188449048948314157
1560,6600,0.99999938559613188449048948314157
1561,6610,0.99999938559613188449048948314157
1562,6620,0.99999938559613188449048948314157
1563,6630,0.99999954226248166655466320662526
1564,6640,0.99999954226248166655466320662526
1565,6650,0.99999954226248166655466320662526
1566,6660,0.99999954226248166655466320662526
1567,6670,0.99999954226248166655466320662526
1568,6680,0.99999954226248166655466320662526
1569,6690,0.99999969905074703735436969509465
1570,6700,0.99999969905074703735436969509465
1571,6710,0.99999969905074703735436969509465
1572,6720,0.99999969905074703735436969509465
1573,6730,0.99999969905074703735436969509465
1574,6740,0.99999984296890109813915614722646
1575,6750,0.99999984296890109813915614722646
1576,6760,0.99999984296890109813915614722646
1577,6770,0.99999984296890109813915614722646
1578,6780,0.99999984296890109813915614722646
1579,6790,0.99999984296890109813915614722646
1580,6800,0.99999984296890109813915614722646
1581,6810,0.99999984296890109813915614722646
1582,6820,0.99999984296890109813915614722646
1583,6830,0.99999984296890109813915614722646
1584,6840,0.99999984296890109813915614722646
1585,6850,0.99999984296890109813915614722646
1586,6860,0.99999984296890109813915614722646
1587,6870,0.99999984296890109813915614722646
1588,6880,0.99999984296890109813915614722646
1589,6890,0.99999984296890109813915614722646
1590,6900,0.99999984296890109813915614722646
1591,6910,0.99999984296890109813915614722646
1592,6920,0.99999984296890109813915614722646
1593,6930,0.99999984296890109813915614722646
1594,6940,0.99999984296890109813915614722646
1595,6950,0.99999984296890109813915614722646
1596,6960,0.99999984296890109813915614722646
1597,6970,0.99999984296890109813915614722646
1598,6980,0.99999984296890109813915614722646
1599,6990,0.99999984296890109813915614722646
1600,7000,0.99999984296890109813915614722646
1601,7010,0.99999984296890109813915614722646
1602,7020,0.99999984296890109813915614722646
1603,7030,0.99999984296890109813915614722646
1604,7040,0.99999984296890109813915614722646
1605,7050,0.99999984296890109813915614722646
1606,7060,0.99999984296890109813915614722646
1607,7070,0.99999984296890109813915614722646
1608,7080,0.99999984296890109813915614722646
1609,7090,0.99999984296890109813915614722646
1610,7100,0.99999984296890109813915614722646
1611,7110,0.99999984296890109813915614722646
1612,7120,0.99999984296890109813915614722646
1613,7130,0.99999984296890109813915614722646
1614,7140,0.99999984296890109813915614722646
1615,7150,0.99999984296890109813915614722646
1616,7160,0.99999984296890109813915614722646
1617,7170,1.00000000000000133226762955018785
1618,7180,1.00000000000000133226762955018785
1619,7190,1.00000000000000133226762955018785
1620,7200,1.00000000000000133226762955018785
1621,7210,1.00000000000000133226762955018785
1622,7220,1.00000000000000133226762955018785
1623,7230,1.00000000000000133226762955018785
1624,7240,1.00000000000000133226762955018785
1625,7250,1.00000000000000133226762955018785
1626,7260,1.00000000000000133226762955018785
1627,7270,1.00000000000000133226762955018785
1628,7280,1.00000000000000133226762955018785
1629,7290,1.00000000000000133226762955018785
1630,7300,1.00000000000000133226762955018785
1631,7310,1.00000000000000133226762955018785
1632,7320,1.00000000000000133226762955018785
1633,7330,1.00000000000000133226762955018785
1634,7340,1.00000000000000133226762955018785
1635,7350,1.00000000000000133226762955018785
1636,7360,1.00000000000000133226762955018785
1637,7370,1.00000000000000133226762955018785
1638,7380,1.00000000000000133226762955018785
1639,7390,1.00000000000000133226762955018785
1640,7400,1.00000000000000133226762955018785
1641,7410,1.00000000000000133226762955018785
1642,7420,1.00000000000000133226762955018785
1643,7430,1.00000000000000133226762955018785
1644,7440,1.00000000000000133226762955018785
1645,7450,1.00000000000000133226762955018785
1646,7460,1.00000000000000133226762955018785
1647,7470,1.00000000000000133226762955018785
1648,7480,1.00000000000000133226762955018785
1649,7490,1.00000000000000133226762955018785
1650,7500,1.00000000000000133226762955018785
1651,7510,1.00000000000000133226762955018785
1652,7520,1.00000000000000133226762955018785
1653,7530,1.00000000000000133226762955018785
1654,7540,1.00000000000000133226762955018785
1655,7550,1.00000000000000133226762955018785
1656,7560,1.00000000000000133226762955018785
1657,7570,1.00000000000000133226762955018785
1658,7580,1.00000000000000133226762955018785
1659,7590,1.00000000000000133226762955018785
1660,7600,1.00000000000000133226762955018785
1661,7610,1.00000000000000133226762955018785
1662,7620,1.00000000000000133226762955018785
1663,7630,1.00000000000000133226762955018785
1664,7640,1.00000000000000133226762955018785
1665,7650,1.00000000000000133226762955018785
1666,7660,1.00000000000000133226762955018785
1667,7670,1.00000000000000133226762955018785
1668,7680,1.00000000000000133226762955018785
1669,7690,1.00000000000000133226762955018785
1670,7700,1.00000000000000133226762955018785
1671,7710,1.00000000000000133226762955018785
1672,7720,1.00000000000000133226762955018785
1673,7730,1.00000000000000133226762955018785
1674,7740,1.00000000000000133226762955018785
1675,7750,1.00000000000000133226762955018785
1676,7760,1.00000000000000133226762955018785
1677,7770,1.00000000000000133226762955018785
1678,7780,1.00000000000000133226762955018785
1679,7790,1.00000000000000133226762955018785
1680,7800,1.00000000000000133226762955018785
1681,7810,1.00000000000000133226762955018785
1682,7820,1.00000000000000133226762955018785
1683,7830,1.00000000000000133226762955018785
1684,7840,1.00000000000000133226762955018785
1685,7850,1.00000000000000133226762955018785
1686,7860,1.00000000000000133226762955018785
1687,7870,1.00000000000000133226762955018785
1688,7880,1.00000000000000133226762955018785
1689,7890,1.00000000000000133226762955018785
1690,7900,1.00000000000000133226762955018785
1691,7910,1.00000000000000133226762955018785
1692,7920,1.00000000000000133226762955018785
1693,7930,1.00000000000000133226762955018785
1694,7940,1.00000000000000133226762955018785
1695,7950,1.00000000000000133226762955018785
1696,7960,1.00000000000000133226762955018785
1697,7970,1.00000000000000133226762955018785
1698,7980,1.00000000000000133226762955018785
1699,7990,1.00000000000000133226762955018785
1700,8000,1.00000000000000133226762955018785
1701,8010,1.00000000000000133226762955018785
1702,8020,1.00000000000000133226762955018785
1703,8030,1.00000000000000133226762955018785
1704,8040,1.00000000000000133226762955018785
1705,8050,1.00000000000000133226762955018785
1706,8060,1.00000000000000133226762955018785
1707,8070,1.00000000000000133226762955018785
1708,8080,1.00000000000000133226762955018785
1709,8090,1.00000000000000133226762955018785
1710,8100,1.00000000000000133226762955018785
1711,8110,1.00000000000000133226762955018785
1712,8120,1.00000000000000133226762955018785
1713,8130,1.00000000000000133226762955018785
1714,8140,1.00000000000000133226762955018785
1715,8150,1.00000000000000133226762955018785
1716,8160,1.00000000000000133226762955018785
1717,8170,1.00000000000000133226762955018785
1718,8180,1.00000000000000133226762955018785
1719,8190,1.00000000000000133226762955018785
1720,8200,1.00000000000000133226762955018785
1721,8210,1.00000000000000133226762955018785
1722,8220,1.00000000000000133226762955018785
1723,8230,1.00000000000000133226762955018785
1724,8240,1.00000000000000133226762955018785
1725,8250,1.00000000000000133226762955018785
1726,8260,1.00000000000000133226762955018785
1727,8270,1.00000000000000133226762955018785
1728,8280,1.00000000000000133226762955018785
1729,8290,1.00000000000000133226762955018785
1730,8300,1.00000000000000133226762955018785
1731,8310,1.00000000000000133226762955018785
1732,8320,1.00000000000000133226762955018785
1733,8330,1.00000000000000133226762955018785
1734,8340,1.00000000000000133226762955018785
1735,8350,1.00000000000000133226762955018785
1736,8360,1.00000000000000133226762955018785
1737,8370,1.00000000000000133226762955018785
1738,8380,1.00000000000000133226762955018785
1739,8390,1.00000000000000133226762955018785
1740,8400,1.00000000000000133226762955018785
1741,8410,1.00000000000000133226762955018785
1742,8420,1.00000000000000133226762955018785
1743,8430,1.00000000000000133226762955018785
1744,8440,1.00000000000000133226762955018785
1745,8450,1.00000000000000133226762955018785
1746,8460,1.00000000000000133226762955018785
1747,8470,1.00000000000000133226762955018785
1748,8480,1.00000000000000133226762955018785
1749,8490,1.00000000000000133226762955018785
1750,8500,1.00000000000000133226762955018785
1751,8510,1.00000000000000133226762955018785
1752,8520,1.00000000000000133226762955018785
1753,8530,1.00000000000000133226762955018785
1754,8540,1.00000000000000133226762955018785
1755,8550,1.00000000000000133226762955018785
1756,8560,1.00000000000000133226762955018785
1757,8570,1.00000000000000133226762955018785
1758,8580,1.00000000000000133226762955018785
1759,8590,1.00000000000000133226762955018785
1760,8600,1.00000000000000133226762955018785
1761,8610,1.00000000000000133226762955018785
1762,8620,1.00000000000000133226762955018785
1763,8630,1.00000000000000133226762955018785
1764,8640,1.00000000000000133226762955018785
1765,8650,1.00000000000000133226762955018785
1766,8660,1.00000000000000133226762955018785
1767,8670,1.00000000000000133226762955018785
1768,8680,1.00000000000000133226762955018785
1769,8690,1.00000000000000133226762955018785
1770,8700,1.00000000000000133226762955018785
1771,8710,1.00000000000000133226762955018785
1772,8720,1.00000000000000133226762955018785
1773,8730,1.00000000000000133226762955018785
1774,8740,1.00000000000000133226762955018785
1775,8750,1.00000000000000133226762955018785
1776,8760,1.00000000000000133226762955018785
1777,8770,1.00000000000000133226762955018785
1778,8780,1.00000000000000133226762955018785
1779,8790,1.00000000000000133226762955018785
1780,8800,1.00000000000000133226762955018785
1781,8810,1.00000000000000133226762955018785
1782,8820,1.00000000000000133226762955018785
1783,8830,1.00000000000000133226762955018785
1784,8840,1.00000000000000133226762955018785
1785,8850,1.00000000000000133226762955018785
1786,8860,1.00000000000000133226762955018785
1787,8870,1.00000000000000133226762955018785
1788,8880,1.00000000000000133226762955018785
1789,8890,1.00000000000000133226762955018785
1790,8900,1.00000000000000133226762955018785
1791,8910,1.00000000000000133226762955018785
1792,8920,1.00000000000000133226762955018785
1793,8930,1.00000000000000133226762955018785
1794,8940,1.00000000000000133226762955018785
1795,8950,1.00000000000000133226762955018785
1796,8960,1.00000000000000133226762955018785
1797,8970,1.00000000000000133226762955018785
1798,8980,1.00000000000000133226762955018785
1799,8990,1.00000000000000133226762955018785
