,Ocean_DIC_[mmol],Ocean_C^{12$S,Ocean_C^{13}$S ,Ocean_$\delta^{13}$C [VPDB],Fossil_Fuel_Burning_to_Ocean_DIC_[mmol/year],Fossil_Fuel_Burning_to_Ocean_DIC_C^{12$S,Fossil_Fuel_Burning_to_Ocean_DIC_C^{13}$S,"Fossil_Fuel_Burning_to_Ocean_DIC_$\delta^{13}$C, [VPDB]",Carbonate_Weathering_to_Ocean_DIC_[mmol/year],Carbonate_Weathering_to_Ocean_DIC_C^{12$S,Carbonate_Weathering_to_Ocean_DIC_C^{13}$S,"Carbonate_Weathering_to_Ocean_DIC_$\delta^{13}$C, [VPDB]",Organic_Weathering_to_Ocean_DIC_[mmol/year],Organic_Weathering_to_Ocean_DIC_C^{12$S,Organic_Weathering_to_Ocean_DIC_C^{13}$S,"Organic_Weathering_to_Ocean_DIC_$\delta^{13}$C, [VPDB]",Volcanic_to_Ocean_DIC_[mmol/year],Volcanic_to_Ocean_DIC_C^{12$S,Volcanic_to_Ocean_DIC_C^{13}$S,"Volcanic_to_Ocean_DIC_$\delta^{13}$C, [VPDB]",Ocean_to_OM_burial_DIC_[mmol/year],Ocean_to_OM_burial_DIC_C^{12$S,Ocean_to_OM_burial_DIC_C^{13}$S,"Ocean_to_OM_burial_DIC_$\delta^{13}$C, [VPDB]",Ocean_to_Carbonate_burial_DIC_[mmol/year],Ocean_to_Carbonate_burial_DIC_C^{12$S,Ocean_to_Carbonate_burial_DIC_C^{13}$S,"Ocean_to_Carbonate_burial_DIC_$\delta^{13}$C, [VPDB]"
0,3.48984e+18,3.451059751361995e+18,3.878024863800501e+16,1.543732848019798e-13,0.0,0.0,0.0,0.0,12300000000000.0,12163318358936.953,136681641063.04631,0.0,4000000000000.0,3956429988830.919,43570011169.080986,-19.999999999999908,6000000000000.0,5933655712408.382,66344287591.61808,-5.0000000000001315,4200000000000.0,4153328220124.8135,46671779875.186554,0.0,18100000000000.0,17898866853395.027,201133146604.9706,0.0
1,3.490437e+18,3.451650294478084e+18,3.878670552191581e+16,-0.004619272590469675,597000000000000.0,590543122208783.2,6456877791216.657,-27.0,12300000000000.0,12163318358936.953,136681641063.04631,0.0,4000000000000.0,3956429988830.919,43570011169.080986,-19.999999999999908,6000000000000.0,5933655712408.382,66344287591.61808,-5.0000000000001315,4200000000000.0,4154543326362.9023,45456673637.097626,-26.32,18100000000000.0,17898866853395.027,201133146604.97064,3.087465696039596e-13
2,3.491041e+18,3.452247761884256e+18,3.879323811574351e+16,-0.009291071612856106,604000000000000.0,597467413423961.6,6532586576038.293,-27.0,12300000000000.0,12163318358936.953,136681641063.04631,0.0,4000000000000.0,3956429988830.919,43570011169.080986,-19.999999999999908,6000000000000.0,5933655712408.382,66344287591.61808,-5.0000000000001315,4200000000000.0,4154543539681.647,45456460318.35326,-26.32461927259047,18100000000000.0,17898867772159.566,201132227840.4327,-0.004619272590315302
3,3.491652e+18,3.452852153580499e+18,3.879984641950099e+16,-0.014015341358780756,611000000000000.0,604391704639140.0,6608295360859.929,-27.0,12300000000000.0,12163318358936.953,136681641063.04631,0.0,4000000000000.0,3956429988830.919,43570011169.080986,-19.999999999999908,6000000000000.0,5933655712408.382,66344287591.61808,-5.0000000000001315,4200000000000.0,4154543755426.0923,45456244573.90759,-26.32929107161301,18100000000000.0,17898868701371.61,201131298628.39133,-0.009291071612701733
4,3.49227e+18,3.453463469566799e+18,3.880653043320111e+16,-0.018792025526917295,618000000000000.0,611315995854318.4,6684004145681.564,-27.0,12300000000000.0,12163318358936.953,136681641063.04631,0.0,4000000000000.0,3956429988830.919,43570011169.080986,-19.999999999999908,6000000000000.0,5933655712408.382,66344287591.61808,-5.0000000000001315,4200000000000.0,4154543973593.6675,45456026406.33253,-26.334015341358782,18100000000000.0,17898869641020.074,201130358979.92358,-0.01401534135847201
5,3.492895e+18,3.454081709843143e+18,3.881329015685671e+16,-0.023621067226542197,625000000000000.0,618240287069496.8,6759712930503.2,-27.0,12300000000000.0,12163318358936.953,136681641063.04631,0.0,4000000000000.0,3956429988830.919,43570011169.080986,-19.999999999999908,6000000000000.0,5933655712408.382,66344287591.61808,-5.0000000000001315,4200000000000.0,4154544194181.7725,45455805818.227295,-26.338792025526917,18100000000000.0,17898870591093.773,201129408906.22437,-0.018792025526762922
6,3.493527e+18,3.454706874409519e+18,3.882012559048063e+16,-0.02850240897753473,632000000000000.0,625164578284675.1,6835421715324.837,-27.0,12300000000000.0,12163318358936.953,136681641063.04631,0.0,4000000000000.0,3956429988830.919,43570011169.080986,-19.999999999999908,6000000000000.0,5933655712408.382,66344287591.61808,-5.0000000000001315,4200000000000.0,4154544417187.7812,45455582812.218346,-26.343621067226543,18100000000000.0,17898871551581.395,201128448418.60593,-0.023621067226542197
7,3.494166e+18,3.455338963265914e+18,3.882703673408568e+16,-0.03343599271284694,639000000000000.0,632088869499853.5,6911130500146.473,-27.0,12300000000000.0,12163318358936.953,136681641063.04631,0.0,4000000000000.0,3956429988830.919,43570011169.080986,-19.999999999999908,6000000000000.0,5933655712408.382,66344287591.61808,-5.0000000000001315,4200000000000.0,4154544642609.0405,45455357390.95934,-26.348502408977534,18100000000000.0,17898872522471.5,201127477528.49756,-0.028502408977380357
8,3.494812e+18,3.4559779764123146e+18,3.8834023587684664e+16,-0.03842175978004737,646000000000000.0,639013160715031.9,6986839284968.108,-27.0,12300000000000.0,12163318358936.953,136681641063.04631,0.0,4000000000000.0,3956429988830.919,43570011169.080986,-19.999999999999908,6000000000000.0,5933655712408.382,66344287591.61808,-5.0000000000001315,4200000000000.0,4154544870442.869,45455129557.131035,-26.353435992713003,18100000000000.0,17898873503752.555,201126496247.44525,-0.033435992713001315
9,3.495465e+18,3.456623913848709e+18,3.8841086151290376e+16,-0.04345965094301917,653000000000000.0,645937451930210.2,7062548069789.744,-27.0,12300000000000.0,12163318358936.953,136681641063.04631,0.0,4000000000000.0,3956429988830.919,43570011169.080986,-19.999999999999908,6000000000000.0,5933655712408.382,66344287591.61808,-5.0000000000001315,4200000000000.0,4154545100686.5586,45454899313.44123,-26.358421759780203,18100000000000.0,17898874495412.887,201125504587.11154,-0.03842175978004737
10,3.496125e+18,3.457276775575084e+18,3.884822442491559e+16,-0.048549606383658225,660000000000000.0,652861743145388.6,7138256854611.38,-27.0,12300000000000.0,12163318358936.953,136681641063.04631,0.0,4000000000000.0,3956429988830.919,43570011169.080986,-19.999999999999908,6000000000000.0,5933655712408.382,66344287591.61808,-5.0000000000001315,4200000000000.0,4154545333337.3755,45454666662.62467,-26.36345965094302,18100000000000.0,17898875497440.727,201124502559.27487,-0.04345965094317354
11,3.496792e+18,3.4579365615914266e+18,3.8855438408573064e+16,-0.05369156570357122,667000000000000.0,659786034360567.0,7213965639433.016,-27.0,12300000000000.0,12163318358936.953,136681641063.04631,0.0,4000000000000.0,3956429988830.919,43570011169.080986,-19.999999999999908,6000000000000.0,5933655712408.382,66344287591.61808,-5.0000000000001315,4200000000000.0,4154545568392.557,45454431607.442924,-26.36854960638366,18100000000000.0,17898876509824.168,201123490175.82965,-0.04854960638334948
12,3.497466e+18,3.458603271897724e+18,3.8862728102275544e+16,-0.058885467925773774,674000000000000.0,666710325575745.4,7289674424254.651,-27.0,12300000000000.0,12163318358936.953,136681641063.04631,0.0,4000000000000.0,3956429988830.919,43570011169.080986,-19.999999999999908,6000000000000.0,5933655712408.382,66344287591.61808,-5.0000000000001315,4200000000000.0,4154545805849.316,45454194150.684425,-26.37369156570357,18100000000000.0,17898877532551.215,201122467448.7852,-0.05369156570357122
13,3.498147e+18,3.459276906493964e+18,3.887009350603576e+16,-0.06413125149716042,681000000000000.0,673634616790923.6,7365383209076.287,-27.0,12300000000000.0,12163318358936.953,136681641063.04631,0.0,4000000000000.0,3956429988830.919,43570011169.080986,-19.999999999999908,6000000000000.0,5933655712408.382,66344287591.61808,-5.0000000000001315,4200000000000.0,4154546045704.8354,45453954295.16425,-26.37888546792562,18100000000000.0,17898878565609.734,201121434390.26636,-0.05888546792592815
14,3.498835e+18,3.459957465380133e+18,3.8877534619866424e+16,-0.06942885428927645,688000000000000.0,680558908006102.0,7441091993897.923,-27.0,12300000000000.0,12163318358936.953,136681641063.04631,0.0,4000000000000.0,3956429988830.919,43570011169.080986,-19.999999999999908,6000000000000.0,5933655712408.382,66344287591.61808,-5.0000000000001315,4200000000000.0,4154546287956.276,45453712043.72412,-26.384131251497006,18100000000000.0,17898879608987.49,201120391012.51245,-0.06413125149716042
15,3.49953e+18,3.460644948556219e+18,3.888505144378024e+16,-0.0747782136007879,695000000000000.0,687483199221280.4,7516800778719.56,-27.0,12300000000000.0,12163318358936.953,136681641063.04631,0.0,4000000000000.0,3956429988830.919,43570011169.080986,-19.999999999999908,6000000000000.0,5933655712408.382,66344287591.61808,-5.0000000000001315,4200000000000.0,4154546532600.768,45453467399.232285,-26.38942885428943,18100000000000.0,17898880662672.125,201119337327.87695,-0.06942885428943082
16,3.500232e+18,3.461339356022209e+18,3.889264397778989e+16,-0.08017926615887089,702000000000000.0,694407490436458.8,7592509563541.195,-27.0,12300000000000.0,12163318358936.953,136681641063.04631,0.0,4000000000000.0,3956429988830.919,43570011169.080986,-19.999999999999908,6000000000000.0,5933655712408.382,66344287591.61808,-5.0000000000001315,4200000000000.0,4154546779635.4165,45453220364.58348,-26.394778213600944,18100000000000.0,17898881726651.17,201118273348.8275,-0.07477821360094226
17,3.500941e+18,3.462040687778091e+18,3.890031222190804e+16,-0.08563194812152725,709000000000000.0,701331781651637.1,7668218348362.83,-27.0,12300000000000.0,12163318358936.953,136681641063.04631,0.0,4000000000000.0,3956429988830.919,43570011169.080986,-19.999999999999908,6000000000000.0,5933655712408.382,66344287591.61808,-5.0000000000001315,4200000000000.0,4154547029057.3013,45452970942.69881,-26.400179266158872,18100000000000.0,17898882800912.055,201117199087.94534,-0.08017926615887089
18,3.501657e+18,3.4627489438238515e+18,3.890805617614735e+16,-0.0911361950788195,716000000000000.0,708256072866815.5,7743927133184.466,-27.0,12300000000000.0,12163318358936.953,136681641063.04631,0.0,4000000000000.0,3956429988830.919,43570011169.080986,-19.999999999999908,6000000000000.0,5933655712408.382,66344287591.61808,-5.0000000000001315,4200000000000.0,4154547280863.474,45452719136.52563,-26.40563194812168,18100000000000.0,17898883885442.074,201116114557.92474,-0.08563194812152725
19,3.50238e+18,3.4634641241594783e+18,3.891587584052046e+16,-0.09669194205549518,723000000000000.0,715180364081993.9,7819635918006.102,-27.0,12300000000000.0,12163318358936.953,136681641063.04631,0.0,4000000000000.0,3956429988830.919,43570011169.080986,-19.999999999999908,6000000000000.0,5933655712408.382,66344287591.61808,-5.0000000000001315,4200000000000.0,4154547535050.9624,45452464949.03757,-26.411136195078974,18100000000000.0,17898884980228.426,201115019771.57306,-0.0911361950788195
20,3.50311e+18,3.464186228784959e+18,3.892377121503999e+16,-0.10229912351253062,730000000000000.0,722104655297172.2,7895344702827.737,-27.0,12300000000000.0,12163318358936.953,136681641063.04631,0.0,4000000000000.0,3956429988830.919,43570011169.080986,-19.999999999999908,6000000000000.0,5933655712408.382,66344287591.61808,-5.0000000000001315,4200000000000.0,4154547791616.766,45452208383.234314,-26.416691942055497,18100000000000.0,17898886085258.19,201113914741.81,-0.09669194205564956
21,3.503867e+18,3.4649350413894666e+18,3.893195861053232e+16,-0.10811121845121517,757000000000000.0,748812635698574.5,8187364301425.476,-27.0,12300000000000.0,12163318358936.953,136681641063.04631,0.0,4000000000000.0,3956429988830.919,43570011169.080986,-19.999999999999908,6000000000000.0,5933655712408.382,66344287591.61808,-5.0000000000001315,4200000000000.0,4154548050557.8584,45451949442.14159,-26.42229912351253,18100000000000.0,17898887200518.332,201112799481.66745,-0.10229912351237626
22,3.504651e+18,3.465710561972951e+18,3.894043802704766e+16,-0.11412795837472577,784000000000000.0,775520616099976.8,8479383900023.214,-27.0,12300000000000.0,12163318358936.953,136681641063.04631,0.0,4000000000000.0,3956429988830.919,43570011169.080986,-19.999999999999908,6000000000000.0,5933655712408.382,66344287591.61808,-5.0000000000001315,4200000000000.0,4154548318961.943,45451681038.057106,-26.42811121845106,18100000000000.0,17898888356535.61,201111643464.3881,-0.10811121845121517
23,3.505462e+18,3.4665127905353626e+18,3.8949209464636184e+16,-0.12034906556397933,811000000000000.0,802228596501379.0,8771403498620.952,-27.0,12300000000000.0,12163318358936.953,136681641063.04631,0.0,4000000000000.0,3956429988830.919,43570011169.080986,-19.999999999999908,6000000000000.0,5933655712408.382,66344287591.61808,-5.0000000000001315,4200000000000.0,4154548596816.6235,45451403183.37645,-26.434127958374727,18100000000000.0,17898889553256.64,201110446743.3599,-0.11412795837488014
24,3.5063e+18,3.467341727076651e+18,3.895827292334796e+16,-0.12677425310912488,838000000000000.0,828936576902781.2,9063423097218.691,-27.0,12300000000000.0,12163318358936.953,136681641063.04631,0.0,4000000000000.0,3956429988830.919,43570011169.080986,-19.999999999999908,6000000000000.0,5933655712408.382,66344287591.61808,-5.0000000000001315,4200000000000.0,4154548884109.079,45451115890.921005,-26.440349065563826,18100000000000.0,17898890790626.195,201109209373.80438,-0.1203490655641337
25,3.507165e+18,3.468197371596766e+18,3.8967628403233016e+16,-0.13340322494211632,865000000000000.0,855644557304183.5,9355442695816.43,-27.0,12300000000000.0,12163318358936.953,136681641063.04631,0.0,4000000000000.0,3956429988830.919,43570011169.080986,-19.999999999999908,6000000000000.0,5933655712408.382,66344287591.61808,-5.0000000000001315,4200000000000.0,4154549180826.0635,45450819173.93639,-26.446774253109126,18100000000000.0,17898892068587.23,201107931412.7708,-0.12677425310927926
26,3.508057e+18,3.469079724095658e+18,3.897727590434129e+16,-0.1402356758714464,892000000000000.0,882352537705585.8,9647462294414.168,-27.0,12300000000000.0,12163318358936.953,136681641063.04631,0.0,4000000000000.0,3956429988830.919,43570011169.080986,-19.999999999999908,6000000000000.0,5933655712408.382,66344287591.61808,-5.0000000000001315,4200000000000.0,4154549486953.9087,45450513046.09111,-26.45340322494227,18100000000000.0,17898893387080.87,201106612919.1292,-0.13340322494211632
27,3.508976e+18,3.4699887845732767e+18,3.898721542672265e+16,-0.1472712916161089,919000000000000.0,909060518106988.0,9939481893011.906,-27.0,12300000000000.0,12163318358936.953,136681641063.04631,0.0,4000000000000.0,3956429988830.919,43570011169.080986,-19.999999999999908,6000000000000.0,5933655712408.382,66344287591.61808,-5.0000000000001315,4200000000000.0,4154549802478.525,45450197521.47483,-26.460235675871445,18100000000000.0,17898894746046.434,201105253953.5639,-0.14023567587129201
28,3.509922e+18,3.4709245530295726e+18,3.899744697042689e+16,-0.1545097488415676,946000000000000.0,935768498508390.2,10231501491609.645,-27.0,12300000000000.0,12163318358936.953,136681641063.04631,0.0,4000000000000.0,3956429988830.919,43570011169.080986,-19.999999999999908,6000000000000.0,5933655712408.382,66344287591.61808,-5.0000000000001315,4200000000000.0,4154550127385.403,45449872614.59686,-26.467271291615955,18100000000000.0,17898896145421.434,201103854578.56653,-0.1472712916161089
29,3.510895e+18,3.4718870294644956e+18,3.900797053550372e+16,-0.16195071519696005,973000000000000.0,962476478909792.6,10523521090207.383,-27.0,12300000000000.0,12163318358936.953,136681641063.04631,0.0,4000000000000.0,3956429988830.919,43570011169.080986,-19.999999999999908,6000000000000.0,5933655712408.382,66344287591.61808,-5.0000000000001315,4200000000000.0,4154550461659.615,45449538340.38448,-26.474509748841722,18100000000000.0,17898897585141.57,201102414858.42905,-0.15450974884141322
30,3.511895e+18,3.4728762138779965e+18,3.9018786122002776e+16,-0.16959384935214752,1000000000000000.0,989184459311194.9,10815540688805.121,-27.0,12300000000000.0,12163318358936.953,136681641063.04631,0.0,4000000000000.0,3956429988830.919,43570011169.080986,-19.999999999999908,6000000000000.0,5933655712408.382,66344287591.61808,-5.0000000000001315,4200000000000.0,4154550805285.8184,45449194714.18126,-26.48195071519696,18100000000000.0,17898899065140.76,201100934859.23602,-0.16195071519680568
31,3.5129116666666665e+18,3.4738818846972795e+18,3.902978196938649e+16,-0.17735987815788154,1016666666666666.6,1005670866966381.4,10995799700285.205,-27.0,12300000000000.0,12163318358936.953,136681641063.04631,0.0,4000000000000.0,3956429988830.919,43570011169.080986,-19.999999999999908,6000000000000.0,5933655712408.382,66344287591.61808,-5.0000000000001315,4200000000000.0,4154551158248.255,45448841751.74528,-26.489593849351994,18100000000000.0,17898900585351.14,201099414648.8578,-0.16959384935199315
32,3.513945e+18,3.474904041922314e+18,3.904095807768497e+16,-0.18524858359771199,1033333333333333.4,1022157274621568.0,11176058711765.293,-27.0,12300000000000.0,12163318358936.953,136681641063.04631,0.0,4000000000000.0,3956429988830.919,43570011169.080986,-19.999999999999908,6000000000000.0,5933655712408.382,66344287591.61808,-5.0000000000001315,4200000000000.0,4154551516886.067,45448483113.932686,-26.49735987815788,18100000000000.0,17898902130005.387,201097869994.61386,-0.17735987815788154
33,3.514995e+18,3.475942685553071e+18,3.905231444692829e+16,-0.19325974441967897,1050000000000000.0,1038643682276754.6,11356317723245.377,-27.0,12300000000000.0,12163318358936.953,136681641063.04631,0.0,4000000000000.0,3956429988830.919,43570011169.080986,-19.999999999999908,6000000000000.0,5933655712408.382,66344287591.61808,-5.0000000000001315,4200000000000.0,4154551881189.191,45448118810.80864,-26.505248583597712,18100000000000.0,17898903699060.145,201096300939.8548,-0.18524858359771199
34,3.5160616666666665e+18,3.4769978155895194e+18,3.9063851077146456e+16,-0.20139313615128715,1066666666666666.6,1055130089931941.1,11536576734725.46,-27.0,12300000000000.0,12163318358936.953,136681641063.04631,0.0,4000000000000.0,3956429988830.919,43570011169.080986,-19.999999999999908,6000000000000.0,5933655712408.382,66344287591.61808,-5.0000000000001315,4200000000000.0,4154552251147.4126,45447748852.587654,-26.513259744419525,18100000000000.0,17898905292471.426,201094707528.57462,-0.19325974441967897
35,3.517145e+18,3.47806943203163e+18,3.907556796836943e+16,-0.2096485311161781,1083333333333333.4,1071616497587127.8,11716835746205.549,-27.0,12300000000000.0,12163318358936.953,136681641063.04631,0.0,4000000000000.0,3956429988830.919,43570011169.080986,-19.999999999999908,6000000000000.0,5933655712408.382,66344287591.61808,-5.0000000000001315,4200000000000.0,4154552626750.367,45447373249.632904,-26.521393136151442,18100000000000.0,17898906910194.594,201093089805.40756,-0.20139313615144153
36,3.518245e+18,3.4791575348793723e+18,3.908746512062711e+16,-0.21802569844848688,1100000000000000.0,1088102905242314.2,11897094757685.633,-27.0,12300000000000.0,12163318358936.953,136681641063.04631,0.0,4000000000000.0,3956429988830.919,43570011169.080986,-19.999999999999908,6000000000000.0,5933655712408.382,66344287591.61808,-5.0000000000001315,4200000000000.0,4154553007987.5444,45446992012.45552,-26.529648531116177,18100000000000.0,17898908552184.375,201091447815.62512,-0.2096485311161781
37,3.5193616666666665e+18,3.4802621241327165e+18,3.909954253394934e+16,-0.22652440410936003,1116666666666666.6,1104589312897500.9,12077353769165.719,-27.0,12300000000000.0,12163318358936.953,136681641063.04631,0.0,4000000000000.0,3956429988830.919,43570011169.080986,-19.999999999999908,6000000000000.0,5933655712408.382,66344287591.61808,-5.0000000000001315,4200000000000.0,4154553394848.286,45446605151.71389,-26.538025698448333,18100000000000.0,17898910218394.867,201089781605.13293,-0.2180256984483325
38,3.520495e+18,3.4813831997916334e+18,3.911180020836591e+16,-0.2351444109033193,1133333333333333.2,1121075720552687.4,12257612780645.803,-27.0,12300000000000.0,12163318358936.953,136681641063.04631,0.0,4000000000000.0,3956429988830.919,43570011169.080986,-19.999999999999908,6000000000000.0,5933655712408.382,66344287591.61808,-5.0000000000001315,4200000000000.0,4154553787321.787,45446212678.21284,-26.546524404109515,18100000000000.0,17898911908779.53,201088091220.46753,-0.22652440410936003
39,3.521645e+18,3.4825207618560927e+18,3.912423814390655e+16,-0.2438854784930812,1150000000000000.0,1137562128207874.0,12437871792125.889,-27.0,12300000000000.0,12163318358936.953,136681641063.04631,0.0,4000000000000.0,3956429988830.919,43570011169.080986,-19.999999999999908,6000000000000.0,5933655712408.382,66344287591.61808,-5.0000000000001315,4200000000000.0,4154554185397.097,45445814602.90301,-26.55514441090332,18100000000000.0,17898913623291.207,201086376708.79324,-0.2351444109033193
40,3.5228116666666665e+18,3.483674810326065e+18,3.913685634060093e+16,-0.2527473634182364,1166666666666666.8,1154048535863060.8,12618130803605.975,-27.0,12300000000000.0,12163318358936.953,136681641063.04631,0.0,4000000000000.0,3956429988830.919,43570011169.080986,-19.999999999999908,6000000000000.0,5933655712408.382,66344287591.61808,-5.0000000000001315,4200000000000.0,4154554589063.12,45445410936.88003,-26.56388547849308,18100000000000.0,17898915361882.1,201084638117.8991,-0.2438854784930812
41,3.523995e+18,3.4848453452015206e+18,3.914965479847865e+16,-0.26172981910976073,1183333333333333.2,1170534943518247.2,12798389815086.059,-27.0,12300000000000.0,12163318358936.953,136681641063.04631,0.0,4000000000000.0,3956429988830.919,43570011169.080986,-19.999999999999908,6000000000000.0,5933655712408.382,66344287591.61808,-5.0000000000001315,4200000000000.0,4154554998308.616,45445001691.38374,-26.572747363418237,18100000000000.0,17898917124503.805,201082875496.19507,-0.25274736341839077
42,3.525195e+18,3.48603236648243e+18,3.916263351756926e+16,-0.2708325959083855,1200000000000000.0,1187021351173433.8,12978648826566.145,-27.0,12300000000000.0,12163318358936.953,136681641063.04631,0.0,4000000000000.0,3956429988830.919,43570011169.080986,-19.999999999999908,6000000000000.0,5933655712408.382,66344287591.61808,-5.0000000000001315,4200000000000.0,4154555413122.2026,45444586877.79753,-26.58172981910976,18100000000000.0,17898918911107.293,201081088892.70947,-0.2617298191099151
43,3.5264116666666665e+18,3.4872358741687634e+18,3.917579249790227e+16,-0.28005544108034386,1216666666666666.8,1203507758828620.5,13158907838046.23,-27.0,12300000000000.0,12163318358936.953,136681641063.04631,0.0,4000000000000.0,3956429988830.919,43570011169.080986,-19.999999999999908,6000000000000.0,5933655712408.382,66344287591.61808,-5.0000000000001315,4200000000000.0,4154555833492.3525,45444166507.64742,-26.590832595908232,18100000000000.0,17898920721642.914,201079278357.08487,-0.2708325959083855
44,3.527645e+18,3.488455868260492e+18,3.918913173950709e+16,-0.28939809883589523,1233333333333333.2,1219994166483806.8,13339166849526.314,-27.0,12300000000000.0,12163318358936.953,136681641063.04631,0.0,4000000000000.0,3956429988830.919,43570011169.080986,-19.999999999999908,6000000000000.0,5933655712408.382,66344287591.61808,-5.0000000000001315,4200000000000.0,4154556259407.399,45443740592.60138,-26.6000554410805,18100000000000.0,17898922556060.426,201077443939.57538,-0.28005544108049824
45,3.528895e+18,3.489692348757586e+18,3.920265124241308e+16,-0.29886031034553484,1250000000000000.0,1236480574138993.5,13519425861006.4,-27.0,12300000000000.0,12163318358936.953,136681641063.04631,0.0,4000000000000.0,3956429988830.919,43570011169.080986,-19.999999999999908,6000000000000.0,5933655712408.382,66344287591.61808,-5.0000000000001315,4200000000000.0,4154556690855.5312,45443309144.46851,-26.609398098835896,18100000000000.0,17898924414308.957,201075585691.04276,-0.28939809883589523
46,3.5301616666666665e+18,3.490945315660016e+18,3.921635100664955e+16,-0.3084418137580552,1266666666666666.8,1252966981794180.2,13699684872486.486,-27.0,12300000000000.0,12163318358936.953,136681641063.04631,0.0,4000000000000.0,3956429988830.919,43570011169.080986,-19.999999999999908,6000000000000.0,5933655712408.382,66344287591.61808,-5.0000000000001315,4200000000000.0,4154557127824.802,45442872175.19824,-26.618860310345536,18100000000000.0,17898926296337.047,201073703662.9531,-0.2988603103456892
47,3.531445e+18,3.492214768967753e+18,3.9230231032245736e+16,-0.3181423442184533,1283333333333333.2,1269453389449366.5,13879943883966.57,-27.0,12300000000000.0,12163318358936.953,136681641063.04631,0.0,4000000000000.0,3956429988830.919,43570011169.080986,-19.999999999999908,6000000000000.0,5933655712408.382,66344287591.61808,-5.0000000000001315,4200000000000.0,4154557570303.1206,45442429696.879456,-26.62844181375821,18100000000000.0,17898928202092.625,201071797907.3736,-0.3084418137579008
48,3.532745e+18,3.493500708680768e+18,3.924429131923081e+16,-0.3279616338852207,1300000000000000.0,1285939797104553.2,14060202895446.658,-27.0,12300000000000.0,12163318358936.953,136681641063.04631,0.0,4000000000000.0,3956429988830.919,43570011169.080986,-19.999999999999908,6000000000000.0,5933655712408.382,66344287591.61808,-5.0000000000001315,4200000000000.0,4154558018278.2603,45441981721.739815,-26.638142344218455,18100000000000.0,17898930131523.03,201069868476.96848,-0.31814234421860765
49,3.5340616666666665e+18,3.494803134799032e+18,3.925853186763387e+16,-0.3378994119493314,1316666666666666.5,1302426204759739.8,14240461906926.74,-27.0,12300000000000.0,12163318358936.953,136681641063.04631,0.0,4000000000000.0,3956429988830.919,43570011169.080986,-19.999999999999908,6000000000000.0,5933655712408.382,66344287591.61808,-5.0000000000001315,4200000000000.0,4154558471737.8555,45441528262.144775,-26.64796163388522,18100000000000.0,17898932084575.004,201067915424.9961,-0.3279616338853751
50,3.535395e+18,3.496122047322515e+18,3.927295267748397e+16,-0.3479554046515313,1333333333333333.2,1318912612414926.2,14420720918406.826,-27.0,12300000000000.0,12163318358936.953,136681641063.04631,0.0,4000000000000.0,3956429988830.919,43570011169.080986,-19.999999999999908,6000000000000.0,5933655712408.382,66344287591.61808,-5.0000000000001315,4200000000000.0,4154558930669.4033,45441069330.59687,-26.65789941194933,18100000000000.0,17898934061194.695,201065938805.30475,-0.3378994119493314
51,3.536745e+18,3.4974574462511887e+18,3.928755374881006e+16,-0.3581293353016353,1350000000000000.0,1335399020070113.0,14600979929886.914,-27.0,12300000000000.0,12163318358936.953,136681641063.04631,0.0,4000000000000.0,3956429988830.919,43570011169.080986,-19.999999999999908,6000000000000.0,5933655712408.382,66344287591.61808,-5.0000000000001315,4200000000000.0,4154559395060.265,45440604939.734795,-26.667955404651533,18100000000000.0,17898936061327.67,201063938672.32944,-0.3479554046515313
52,3.5381116666666665e+18,3.4988093315850245e+18,3.930233508164107e+16,-0.36842092429612566,1366666666666666.5,1351885427725299.5,14781238941366.996,-27.0,12300000000000.0,12163318358936.953,136681641063.04631,0.0,4000000000000.0,3956429988830.919,43570011169.080986,-19.999999999999908,6000000000000.0,5933655712408.382,66344287591.61808,-5.0000000000001315,4200000000000.0,4154559864897.6675,45440135102.33261,-26.67812933530148,18100000000000.0,17898938084918.914,201061915081.08795,-0.3581293353016353
53,3.539495e+18,3.500177703323993e+18,3.931729667600582e+16,-0.3788298891377573,1383333333333333.2,1368371835380486.0,14961497952847.082,-27.0,12300000000000.0,12163318358936.953,136681641063.04631,0.0,4000000000000.0,3956429988830.919,43570011169.080986,-19.999999999999908,6000000000000.0,5933655712408.382,66344287591.61808,-5.0000000000001315,4200000000000.0,4154560340168.701,45439659831.298836,-26.688420924296125,18100000000000.0,17898940131912.824,201059868087.1774,-0.36842092429628004
54,3.540895e+18,3.501562561468066e+18,3.933243853193309e+16,-0.3893559444542372,1400000000000000.0,1384858243035672.8,15141756964327.17,-27.0,12300000000000.0,12163318358936.953,136681641063.04631,0.0,4000000000000.0,3956429988830.919,43570011169.080986,-19.999999999999908,6000000000000.0,5933655712408.382,66344287591.61808,-5.0000000000001315,4200000000000.0,4154560820860.3247,45439179139.67562,-26.69882988913791,18100000000000.0,17898942202253.23,201057797746.77057,-0.3788298891377573
55,3.5423116666666665e+18,3.502963906017214e+18,3.934776064945156e+16,-0.3999988020172122,1416666666666666.5,1401344650690859.2,15322015975807.252,-27.0,12300000000000.0,12163318358936.953,136681641063.04631,0.0,4000000000000.0,3956429988830.919,43570011169.080986,-19.999999999999908,6000000000000.0,5933655712408.382,66344287591.61808,-5.0000000000001315,4200000000000.0,4154561306959.3623,45438693040.637886,-26.709355944454238,18100000000000.0,17898944295883.39,201055704116.61154,-0.3893559444542372
56,3.543745e+18,3.504381736971409e+18,3.936326302858987e+16,-0.4107581707609481,1433333333333333.2,1417831058346045.8,15502274987287.338,-27.0,12300000000000.0,12163318358936.953,136681641063.04631,0.0,4000000000000.0,3956429988830.919,43570011169.080986,-19.999999999999908,6000000000000.0,5933655712408.382,66344287591.61808,-5.0000000000001315,4200000000000.0,4154561798452.508,45438201547.49235,-26.719998802017212,18100000000000.0,17898946412745.99,201053587254.0126,-0.3999988020172122
57,3.545195e+18,3.505816054330622e+18,3.937894566937658e+16,-0.421633756802707,1450000000000000.0,1434317466001232.5,15682533998767.424,-27.0,12300000000000.0,12163318358936.953,136681641063.04631,0.0,4000000000000.0,3956429988830.919,43570011169.080986,-19.999999999999908,6000000000000.0,5933655712408.382,66344287591.61808,-5.0000000000001315,4200000000000.0,4154562295326.323,45437704673.67678,-26.73075817076095,18100000000000.0,17898948552783.152,201051447216.85025,-0.4107581707609481
58,3.5466616666666665e+18,3.507266858094825e+18,3.939480857184015e+16,-0.43262526346204394,1466666666666666.5,1450803873656419.0,15862793010247.508,-27.0,12300000000000.0,12163318358936.953,136681641063.04631,0.0,4000000000000.0,3956429988830.919,43570011169.080986,-19.999999999999908,6000000000000.0,5933655712408.382,66344287591.61808,-5.0000000000001315,4200000000000.0,4154562797567.241,45437202432.758995,-26.741633756802706,18100000000000.0,17898950715936.44,201049284063.56107,-0.421633756802707
59,3.548145e+18,3.508734148263989e+18,3.941085173600901e+16,-0.443732391279795,1483333333333333.2,1467290281311605.5,16043052021727.596,-27.0,12300000000000.0,12163318358936.953,136681641063.04631,0.0,4000000000000.0,3956429988830.919,43570011169.080986,-19.999999999999908,6000000000000.0,5933655712408.382,66344287591.61808,-5.0000000000001315,4200000000000.0,4154563305161.564,45436694838.435974,-26.7526252634622,18100000000000.0,17898952902146.863,201047097853.13806,-0.4326252634621983
60,3.549645e+18,3.5102179248380867e+18,3.942707516191149e+16,-0.45495483803845416,1500000000000000.0,1483776688966792.2,16223311033207.68,-27.0,12300000000000.0,12163318358936.953,136681641063.04631,0.0,4000000000000.0,3956429988830.919,43570011169.080986,-19.999999999999908,6000000000000.0,5933655712408.382,66344287591.61808,-5.0000000000001315,4200000000000.0,4154563818095.467,45436181904.53301,-26.763732391279795,18100000000000.0,17898955111354.87,201044888645.12683,-0.44373239127964065
61,3.5511675e+18,3.5117239580597683e+18,3.944354194022987e+16,-0.46633589729226405,1522500000000000.0,1506033339301294.0,16466660698705.795,-27.0,12300000000000.0,12163318358936.953,136681641063.04631,0.0,4000000000000.0,3956429988830.919,43570011169.080986,-19.999999999999908,6000000000000.0,5933655712408.382,66344287591.61808,-5.0000000000001315,4200000000000.0,4154564336354.9976,45435663645.00275,-26.774954838038454,18100000000000.0,17898957343500.38,201042656499.62134,-0.45495483803845416
62,3.5527125e+18,3.5132522479289953e+18,3.946025207100303e+16,-0.47787514776810835,1545000000000000.0,1528289989635796.0,16710010364203.91,-27.0,12300000000000.0,12163318358936.953,136681641063.04631,0.0,4000000000000.0,3956429988830.919,43570011169.080986,-19.999999999999908,6000000000000.0,5933655712408.382,66344287591.61808,-5.0000000000001315,4200000000000.0,4154564861939.483,45435138060.51732,-26.786335897292417,18100000000000.0,17898959607194.49,201040392805.51004,-0.46633589729210967
63,3.55428e+18,3.514802794445729e+18,3.947720555426974e+16,-0.4895721629129958,1567500000000000.0,1550546639970298.0,16953360029702.025,-27.0,12300000000000.0,12163318358936.953,136681641063.04631,0.0,4000000000000.0,3956429988830.919,43570011169.080986,-19.999999999999908,6000000000000.0,5933655712408.382,66344287591.61808,-5.0000000000001315,4200000000000.0,4154565394829.474,45434605170.525856,-26.79787514776811,18100000000000.0,17898961902353.44,201038097646.56027,-0.47787514776826273
64,3.55587e+18,3.5163755976099297e+18,3.9494402390068664e+16,-0.5014265109320358,1590000000000000.0,1572803290304799.8,17196709695200.14,-27.0,12300000000000.0,12163318358936.953,136681641063.04631,0.0,4000000000000.0,3956429988830.919,43570011169.080986,-19.999999999999908,6000000000000.0,5933655712408.382,66344287591.61808,-5.0000000000001315,4200000000000.0,4154565935005.279,45434064994.721214,-26.809572162912996,18100000000000.0,17898964228892.41,201035771107.58936,-0.4895721629129958
65,3.5574825e+18,3.51797065742156e+18,3.951184257843836e+16,-0.5134377548274951,1612500000000000.0,1595059940639301.8,17440059360698.256,-27.0,12300000000000.0,12163318358936.953,136681641063.04631,0.0,4000000000000.0,3956429988830.919,43570011169.080986,-19.999999999999908,6000000000000.0,5933655712408.382,66344287591.61808,-5.0000000000001315,4200000000000.0,4154566482446.9614,45433517553.03831,-26.821426510932035,18100000000000.0,17898966586725.543,201033413274.45697,-0.5014265109318815
66,3.5591175e+18,3.519587973880581e+18,3.952952611941728e+16,-0.5256054524383168,1635000000000000.0,1617316590973803.5,17683409026196.37,-27.0,12300000000000.0,12163318358936.953,136681641063.04631,0.0,4000000000000.0,3956429988830.919,43570011169.080986,-19.999999999999908,6000000000000.0,5933655712408.382,66344287591.61808,-5.0000000000001315,4200000000000.0,4154567037134.348,45432962865.65222,-26.833437754827496,18100000000000.0,17898968975765.94,201031024234.05728,-0.5134377548274951
67,3.560775e+18,3.521227546986955e+18,3.954745301304377e+16,-0.537929156479332,1657500000000000.0,1639573241308305.5,17926758691694.49,-27.0,12300000000000.0,12163318358936.953,136681641063.04631,0.0,4000000000000.0,3956429988830.919,43570011169.080986,-19.999999999999908,6000000000000.0,5933655712408.382,66344287591.61808,-5.0000000000001315,4200000000000.0,4154567599047.0234,45432400952.97647,-26.845605452438317,18100000000000.0,17898971395925.688,201028604074.31143,-0.5256054524381625
68,3.562455e+18,3.5228893767406423e+18,3.956562325935606e+16,-0.5504084145813961,1680000000000000.0,1661829891642807.2,18170108357192.6,-27.0,12300000000000.0,12163318358936.953,136681641063.04631,0.0,4000000000000.0,3956429988830.919,43570011169.080986,-19.999999999999908,6000000000000.0,5933655712408.382,66344287591.61808,-5.0000000000001315,4200000000000.0,4154568168164.339,45431831835.66116,-26.857929156479177,18100000000000.0,17898973847115.84,201026152884.15933,-0.537929156479332
69,3.5641575e+18,3.524573463141606e+18,3.958403685839229e+16,-0.563042769332607,1702500000000000.0,1684086541977309.2,18413458022690.72,-27.0,12300000000000.0,12163318358936.953,136681641063.04631,0.0,4000000000000.0,3956429988830.919,43570011169.080986,-19.999999999999908,6000000000000.0,5933655712408.382,66344287591.61808,-5.0000000000001315,4200000000000.0,4154568744465.4087,45431255534.59105,-26.87040841458155,18100000000000.0,17898976329246.45,201023670753.55194,-0.5504084145815505
70,3.5658825e+18,3.5262798061898076e+18,3.9602693810190456e+16,-0.57583175831767,1725000000000000.0,1706343192311811.0,18656807688188.832,-27.0,12300000000000.0,12163318358936.953,136681641063.04631,0.0,4000000000000.0,3956429988830.919,43570011169.080986,-19.999999999999908,6000000000000.0,5933655712408.382,66344287591.61808,-5.0000000000001315,4200000000000.0,4154569327929.116,45430672070.88383,-26.883042769332608,18100000000000.0,17898978842226.56,201021157773.44318,-0.563042769332607
71,3.56763e+18,3.5280084058852096e+18,3.962159411478846e+16,-0.5887749141605046,1747500000000000.0,1728599842646313.0,18900157353686.95,-27.0,12300000000000.0,12163318358936.953,136681641063.04631,0.0,4000000000000.0,3956429988830.919,43570011169.080986,-19.999999999999908,6000000000000.0,5933655712408.382,66344287591.61808,-5.0000000000001315,4200000000000.0,4154569918534.112,45430081465.88812,-26.89583175831736,18100000000000.0,17898981385964.22,201018614035.78152,-0.5758317583175155
72,3.5694e+18,3.529759262227774e+18,3.96407377722241e+16,-0.6018717645648455,1770000000000000.0,1750856492980814.8,19143507019185.062,-27.0,12300000000000.0,12163318358936.953,136681641063.04631,0.0,4000000000000.0,3956429988830.919,43570011169.080986,-19.999999999999908,6000000000000.0,5933655712408.382,66344287591.61808,-5.0000000000001315,4200000000000.0,4154570516258.8184,45429483741.18161,-26.908774914160507,18100000000000.0,17898983960366.5,201016039633.50226,-0.5887749141605046
73,3.5711925e+18,3.531532375217463e+18,3.966012478253502e+16,-0.6151218323559225,1792500000000000.0,1773113143315316.8,19386856684683.18,-27.0,12300000000000.0,12163318358936.953,136681641063.04631,0.0,4000000000000.0,3956429988830.919,43570011169.080986,-19.999999999999908,6000000000000.0,5933655712408.382,66344287591.61808,-5.0000000000001315,4200000000000.0,4154571121081.4307,45428878918.56918,-26.921871764564845,18100000000000.0,17898986565339.48,201013434660.51895,-0.6018717645649999
74,3.5730075e+18,3.533327744854239e+18,3.96797551457588e+16,-0.6285246355236854,1815000000000000.0,1795369793649818.5,19630206350181.293,-27.0,12300000000000.0,12163318358936.953,136681641063.04631,0.0,4000000000000.0,3956429988830.919,43570011169.080986,-19.999999999999908,6000000000000.0,5933655712408.382,66344287591.61808,-5.0000000000001315,4200000000000.0,4154571732979.9194,45428267020.08093,-26.93512183235592,18100000000000.0,17898989200788.285,201010799211.7155,-0.6151218323560769
75,3.574845e+18,3.5351453711380654e+18,3.9699628861932856e+16,-0.6420796872640218,1837500000000000.0,1817626443984320.5,19873556015679.41,-27.0,12300000000000.0,12163318358936.953,136681641063.04631,0.0,4000000000000.0,3956429988830.919,43570011169.080986,-19.999999999999908,6000000000000.0,5933655712408.382,66344287591.61808,-5.0000000000001315,4200000000000.0,4154572351932.03,45427648067.97022,-26.948524635523686,18100000000000.0,17898991866617.062,201008133382.9371,-0.6285246355236854
76,3.576705e+18,3.536985254068904e+18,3.9719745931094504e+16,-0.6557864960225988,1860000000000000.0,1839883094318822.5,20116905681177.523,-27.0,12300000000000.0,12163318358936.953,136681641063.04631,0.0,4000000000000.0,3956429988830.919,43570011169.080986,-19.999999999999908,6000000000000.0,5933655712408.382,66344287591.61808,-5.0000000000001315,4200000000000.0,4154572977915.2886,45427022084.711754,-26.962079687264023,18100000000000.0,17898994562729.02,201005437270.9824,-0.6420796872641762
77,3.5785875e+18,3.5388473936467174e+18,3.9740106353280936e+16,-0.6696445655374701,1882500000000000.0,1862139744653324.2,20360255346675.64,-27.0,12300000000000.0,12163318358936.953,136681641063.04631,0.0,4000000000000.0,3956429988830.919,43570011169.080986,-19.999999999999908,6000000000000.0,5933655712408.382,66344287591.61808,-5.0000000000001315,4200000000000.0,4154573610907.0005,45426389092.99956,-26.9757864960226,18100000000000.0,17898997289026.406,201002710973.59467,-0.6557864960225988
78,3.5804925e+18,3.540731789871469e+18,3.976071012852923e+16,-0.6836533948826097,1905000000000000.0,1884396394987826.2,20603605012173.754,-27.0,12300000000000.0,12163318358936.953,136681641063.04631,0.0,4000000000000.0,3956429988830.919,43570011169.080986,-19.999999999999908,6000000000000.0,5933655712408.382,66344287591.61808,-5.0000000000001315,4200000000000.0,4154574250884.2554,45425749115.74503,-26.98964456553747,18100000000000.0,17899000045410.547,200999954589.45334,-0.6696445655374701
79,3.58242e+18,3.542638442743122e+18,3.978155725687634e+16,-0.6978124785117531,1927500000000000.0,1906653045322328.0,20846954677671.87,-27.0,12300000000000.0,12163318358936.953,136681641063.04631,0.0,4000000000000.0,3956429988830.919,43570011169.080986,-19.999999999999908,6000000000000.0,5933655712408.382,66344287591.61808,-5.0000000000001315,4200000000000.0,4154574897823.9253,45425102176.074905,-27.003653394882456,18100000000000.0,17899002831781.836,200997168218.1653,-0.683653394882764
80,3.58437e+18,3.544567352261639e+18,3.980264773835907e+16,-0.7121213063025489,1950000000000000.0,1928909695656830.0,21090304343169.984,-27.0,12300000000000.0,12163318358936.953,136681641063.04631,0.0,4000000000000.0,3956429988830.919,43570011169.080986,-19.999999999999908,6000000000000.0,5933655712408.382,66344287591.61808,-5.0000000000001315,4200000000000.0,4154575551702.671,45424448297.32923,-27.017812478511754,18100000000000.0,17899005648039.746,200994351960.25647,-0.6978124785119074
81,3.5863425e+18,3.546518518426984e+18,3.982398157301414e+16,-0.7265793636005545,1972500000000000.0,1951166345991331.8,21333654008668.1,-27.0,12300000000000.0,12163318358936.953,136681641063.04631,0.0,4000000000000.0,3956429988830.919,43570011169.080986,-19.999999999999908,6000000000000.0,5933655712408.382,66344287591.61808,-5.0000000000001315,4200000000000.0,4154576212496.9404,45423787503.059395,-27.032121306302393,18100000000000.0,17899008494082.836,200991505917.16248,-0.7121213063023945
82,3.5883375e+18,3.54849194123912e+18,3.984555876087813e+16,-0.7411861312643139,1995000000000000.0,1973422996325833.8,21577003674166.215,-27.0,12300000000000.0,12163318358936.953,136681641063.04631,0.0,4000000000000.0,3956429988830.919,43570011169.080986,-19.999999999999908,6000000000000.0,5933655712408.382,66344287591.61808,-5.0000000000001315,4200000000000.0,4154576880182.974,45423119817.025955,-27.04657936360071,18100000000000.0,17899011369808.78,200988630191.2202,-0.7265793636008633
83,3.590355e+18,3.5504876206980106e+18,3.9867379301987464e+16,-0.7559410857099704,2017500000000000.0,1995679646660335.5,21820353339664.332,-27.0,12300000000000.0,12163318358936.953,136681641063.04631,0.0,4000000000000.0,3956429988830.919,43570011169.080986,-19.999999999999908,6000000000000.0,5933655712408.382,66344287591.61808,-5.0000000000001315,4200000000000.0,4154577554736.803,45422445263.19674,-27.061186131264158,18100000000000.0,17899014275114.34,200985724885.6593,-0.7411861312643139
84,3.592395e+18,3.55250555680362e+18,3.988944319637848e+16,-0.7708436989564991,2040000000000000.0,2017936296994837.5,22063703005162.445,-27.0,12300000000000.0,12163318358936.953,136681641063.04631,0.0,4000000000000.0,3956429988830.919,43570011169.080986,-19.999999999999908,6000000000000.0,5933655712408.382,66344287591.61808,-5.0000000000001315,4200000000000.0,4154578236134.2554,45421763865.74462,-27.07594108570997,18100000000000.0,17899017209895.406,200982790104.5923,-0.7559410857099704
85,3.5944575e+18,3.554545749555911e+18,3.991175044408736e+16,-0.7858934386707834,2062500000000000.0,2040192947329339.2,22307052670660.562,-27.0,12300000000000.0,12163318358936.953,136681641063.04631,0.0,4000000000000.0,3956429988830.919,43570011169.080986,-19.999999999999908,6000000000000.0,5933655712408.382,66344287591.61808,-5.0000000000001315,4200000000000.0,4154578924350.954,45421075649.045525,-27.090843698956654,18100000000000.0,17899020174046.992,200979825953.0065,-0.7708436989564991
86,3.5965425e+18,3.556608198954848e+18,3.993430104515017e+16,-0.8010897682140813,2085000000000000.0,2062449597663841.2,22550402336158.676,-27.0,12300000000000.0,12163318358936.953,136681641063.04631,0.0,4000000000000.0,3956429988830.919,43570011169.080986,-19.999999999999908,6000000000000.0,5933655712408.382,66344287591.61808,-5.0000000000001315,4200000000000.0,4154579619362.323,45420380637.67637,-27.105893438670783,18100000000000.0,17899023167463.246,200976832536.75455,-0.7858934386709377
87,3.59865e+18,3.558692905000396e+18,3.995709499960283e+16,-0.8164321466874114,2107500000000000.0,2084706247998343.0,22793752001656.793,-27.0,12300000000000.0,12163318358936.953,136681641063.04631,0.0,4000000000000.0,3956429988830.919,43570011169.080986,-19.999999999999908,6000000000000.0,5933655712408.382,66344287591.61808,-5.0000000000001315,4200000000000.0,4154580321143.5874,45419678856.4128,-27.121089768214237,18100000000000.0,17899026190037.457,200973809962.54547,-0.80108976821439
88,3.60078e+18,3.5607998676925174e+18,3.9980132307481144e+16,-0.8319200289778647,2130000000000000.0,2106962898332845.0,23037101667154.906,-27.0,12300000000000.0,12163318358936.953,136681641063.04631,0.0,4000000000000.0,3956429988830.919,43570011169.080986,-19.999999999999908,6000000000000.0,5933655712408.382,66344287591.61808,-5.0000000000001315,4200000000000.0,4154581029669.773,45418970330.227234,-27.13643214668726,18100000000000.0,17899029241662.062,200970758337.9355,-0.8164321466874114
89,3.6029325e+18,3.5629290870311777e+18,4.000341296882077e+16,-0.8475528658047621,2152500000000000.0,2129219548667346.8,23280451332653.023,-27.0,12300000000000.0,12163318358936.953,136681641063.04631,0.0,4000000000000.0,3956429988830.919,43570011169.080986,-19.999999999999908,6000000000000.0,5933655712408.382,66344287591.61808,-5.0000000000001315,4200000000000.0,4154581744915.7134,45418255084.28661,-27.15192002897771,18100000000000.0,17899032322228.684,200967677771.31873,-0.8319200289778647
90,3.6051075e+18,3.5650805630163415e+18,4.0026936983657224e+16,-0.8633301037668929,2175000000000000.0,2151476199001848.8,23523800998151.137,-27.0,12300000000000.0,12163318358936.953,136681641063.04631,0.0,4000000000000.0,3956429988830.919,43570011169.080986,-19.999999999999908,6000000000000.0,5933655712408.382,66344287591.61808,-5.0000000000001315,4200000000000.0,4154582466856.05,45417533143.95034,-27.167552865804762,18100000000000.0,17899035431628.082,200964568371.91818,-0.8475528658049164
91,3.607305e+18,3.567254295647973e+18,4.005070435202591e+16,-0.8792511853888269,2197500000000000.0,2173732849336350.8,23767150663649.254,-27.0,12300000000000.0,12163318358936.953,136681641063.04631,0.0,4000000000000.0,3956429988830.919,43570011169.080986,-19.999999999999908,6000000000000.0,5933655712408.382,66344287591.61808,-5.0000000000001315,4200000000000.0,4154583195465.232,45416804534.768105,-27.18333010376689,18100000000000.0,17899038569750.223,200961430249.77652,-0.8633301037667386
92,3.609525e+18,3.5694502849260365e+18,4.007471507396209e+16,-0.8953155491676887,2220000000000000.0,2195989499670852.5,24010500329147.367,-27.0,12300000000000.0,12163318358936.953,136681641063.04631,0.0,4000000000000.0,3956429988830.919,43570011169.080986,-19.999999999999908,6000000000000.0,5933655712408.382,66344287591.61808,-5.0000000000001315,4200000000000.0,4154583930717.5225,45416069282.47768,-27.199251185388828,18100000000000.0,17899041736484.254,200958263515.74634,-0.8792511853886724
93,3.6117675e+18,3.5716685308504975e+18,4.009896914950086e+16,-0.9115226296214778,2242500000000000.0,2218246150005354.5,24253849994645.484,-27.0,12300000000000.0,12163318358936.953,136681641063.04631,0.0,4000000000000.0,3956429988830.919,43570011169.080986,-19.999999999999908,6000000000000.0,5933655712408.382,66344287591.61808,-5.0000000000001315,4200000000000.0,4154584672586.997,45415327413.00281,-27.215315549167844,18100000000000.0,17899044931718.52,200955068281.48135,-0.8953155491678431
94,3.6140325e+18,3.573909033421321e+18,4.012346657867722e+16,-0.9278718573359969,2265000000000000.0,2240502800339856.2,24497199660143.598,-27.0,12300000000000.0,12163318358936.953,136681641063.04631,0.0,4000000000000.0,3956429988830.919,43570011169.080986,-19.999999999999908,6000000000000.0,5933655712408.382,66344287591.61808,-5.0000000000001315,4200000000000.0,4154585421047.549,45414578952.45101,-27.231522629621324,18100000000000.0,17899048155340.574,200951844659.42673,-0.9115226296214778
95,3.61632e+18,3.576171792638472e+18,4.014820736152599e+16,-0.944362659011782,2287500000000000.0,2262759450674358.0,24740549325641.715,-27.0,12300000000000.0,12163318358936.953,136681641063.04631,0.0,4000000000000.0,3956429988830.919,43570011169.080986,-19.999999999999908,6000000000000.0,5933655712408.382,66344287591.61808,-5.0000000000001315,4200000000000.0,4154586176072.8887,45413823927.111305,-27.247871857335998,18100000000000.0,17899051407237.19,200948592762.80942,-0.9278718573359969
96,3.61863e+18,3.578456808501916e+18,4.017319149808189e+16,-0.960994457513193,2310000000000000.0,2285016101008860.0,24983898991139.83,-27.0,12300000000000.0,12163318358936.953,136681641063.04631,0.0,4000000000000.0,3956429988830.919,43570011169.080986,-19.999999999999908,6000000000000.0,5933655712408.382,66344287591.61808,-5.0000000000001315,4200000000000.0,4154586937636.548,45413062363.45218,-27.264362659011628,18100000000000.0,17899054687294.37,200945312705.62918,-0.944362659011782
97,3.6209625e+18,3.580764081011619e+18,4.019841898837946e+16,-0.9777666719156519,2332500000000000.0,2307272751343362.0,25227248656637.945,-27.0,12300000000000.0,12163318358936.953,136681641063.04631,0.0,4000000000000.0,3956429988830.919,43570011169.080986,-19.999999999999908,6000000000000.0,5933655712408.382,66344287591.61808,-5.0000000000001315,4200000000000.0,4154587705711.881,45412294288.119194,-27.280994457513195,18100000000000.0,17899057995397.35,200942004602.64868,-0.960994457513193
98,3.6233175e+18,3.5830936101675453e+18,4.022388983245312e+16,-0.9946787175539616,2355000000000000.0,2329529401677864.0,25470598322136.06,-27.0,12300000000000.0,12163318358936.953,136681641063.04631,0.0,4000000000000.0,3956429988830.919,43570011169.080986,-19.999999999999908,6000000000000.0,5933655712408.382,66344287591.61808,-5.0000000000001315,4200000000000.0,4154588480272.0674,45411519727.932945,-27.297766671915497,18100000000000.0,17899061331430.617,200938668569.38412,-0.9777666719156519
99,3.625695e+18,3.5854453959696614e+18,4.0249604030337144e+16,-1.011730006070625,2377500000000000.0,2351786052012365.5,25713947987634.176,-27.0,12300000000000.0,12163318358936.953,136681641063.04631,0.0,4000000000000.0,3956429988830.919,43570011169.080986,-19.999999999999908,6000000000000.0,5933655712408.382,66344287591.61808,-5.0000000000001315,4200000000000.0,4154589261290.1133,45410738709.88665,-27.314678717553964,18100000000000.0,17899064695277.902,200935304722.09567,-0.9946787175538073
100,3.625695e+18,3.585445395715586e+18,4.024960428441253e+16,-1.0117236291718925,0.0,0.0,0.0,0.0,12300000000000.0,12163318358936.953,136681641063.04631,0.0,4000000000000.0,3956429988830.919,43570011169.080986,-19.999999999999908,6000000000000.0,5933655712408.382,66344287591.61808,-5.0000000000001315,4200000000000.0,4154590048738.856,45409951261.14412,-27.331730006070472,18100000000000.0,17899068086822.223,200931913177.77768,-1.011730006070625
101,3.625695e+18,3.585445395461512e+18,4.024960453848635e+16,-1.011717252312371,0.0,0.0,0.0,0.0,12300000000000.0,12163318358936.953,136681641063.04631,0.0,4000000000000.0,3956429988830.919,43570011169.080986,-19.999999999999908,6000000000000.0,5933655712408.382,66344287591.61808,-5.0000000000001315,4200000000000.0,4154590048444.3633,45409951555.636925,-27.331723629171893,18100000000000.0,17899068085553.84,200931914446.15915,-1.0117236291718925
102,3.625695e+18,3.58544539520744e+18,4.024960479255861e+16,-1.01171087549206,0.0,0.0,0.0,0.0,12300000000000.0,12163318358936.953,136681641063.04631,0.0,4000000000000.0,3956429988830.919,43570011169.080986,-19.999999999999908,6000000000000.0,5933655712408.382,66344287591.61808,-5.0000000000001315,4200000000000.0,4154590048149.872,45409951850.127914,-27.331717252312373,18100000000000.0,17899068084285.47,200931915714.53287,-1.011717252312371
103,3.625695e+18,3.585445394953369e+18,4.0249605046629304e+16,-1.01170449871096,0.0,0.0,0.0,0.0,12300000000000.0,12163318358936.953,136681641063.04631,0.0,4000000000000.0,3956429988830.919,43570011169.080986,-19.999999999999908,6000000000000.0,5933655712408.382,66344287591.61808,-5.0000000000001315,4200000000000.0,4154590047855.383,45409952144.6171,-27.33171087549206,18100000000000.0,17899068083017.1,200931916982.89874,-1.0117108754922144
104,3.625695e+18,3.5854453946993e+18,4.024960530069844e+16,-1.0116981219689165,0.0,0.0,0.0,0.0,12300000000000.0,12163318358936.953,136681641063.04631,0.0,4000000000000.0,3956429988830.919,43570011169.080986,-19.999999999999908,6000000000000.0,5933655712408.382,66344287591.61808,-5.0000000000001315,4200000000000.0,4154590047560.8955,45409952439.104485,-27.33170449871096,18100000000000.0,17899068081748.742,200931918251.25684,-1.01170449871096
105,3.625695e+18,3.585445394445232e+18,4.024960555476601e+16,-1.0116917452662382,0.0,0.0,0.0,0.0,12300000000000.0,12163318358936.953,136681641063.04631,0.0,4000000000000.0,3956429988830.919,43570011169.080986,-19.999999999999908,6000000000000.0,5933655712408.382,66344287591.61808,-5.0000000000001315,4200000000000.0,4154590047266.4097,45409952733.59005,-27.331698121969072,18100000000000.0,17899068080480.395,200931919519.60718,-1.0116981219689165
106,3.625695e+18,3.585445394191166e+18,4.024960580883202e+16,-1.0116853686027705,0.0,0.0,0.0,0.0,12300000000000.0,12163318358936.953,136681641063.04631,0.0,4000000000000.0,3956429988830.919,43570011169.080986,-19.999999999999908,6000000000000.0,5933655712408.382,66344287591.61808,-5.0000000000001315,4200000000000.0,4154590046971.9263,45409953028.073814,-27.331691745266085,18100000000000.0,17899068079212.05,200931920787.94965,-1.0116917452663925
107,3.625695e+18,3.5854453939371013e+18,4.024960606289646e+16,-1.0116789919785139,0.0,0.0,0.0,0.0,12300000000000.0,12163318358936.953,136681641063.04631,0.0,4000000000000.0,3956429988830.919,43570011169.080986,-19.999999999999908,6000000000000.0,5933655712408.382,66344287591.61808,-5.0000000000001315,4200000000000.0,4154590046677.4443,45409953322.555756,-27.331685368602617,18100000000000.0,17899068077943.715,200931922056.28436,-1.0116853686027705
108,3.625695e+18,3.585445393683038e+18,4.024960631695934e+16,-1.0116726153934679,0.0,0.0,0.0,0.0,12300000000000.0,12163318358936.953,136681641063.04631,0.0,4000000000000.0,3956429988830.919,43570011169.080986,-19.999999999999908,6000000000000.0,5933655712408.382,66344287591.61808,-5.0000000000001315,4200000000000.0,4154590046382.964,45409953617.03587,-27.33167899197867,18100000000000.0,17899068076675.387,200931923324.6113,-1.0116789919783593
109,3.625695e+18,3.5854453934289766e+18,4.0249606571020664e+16,-1.0116662388476327,0.0,0.0,0.0,0.0,12300000000000.0,12163318358936.953,136681641063.04631,0.0,4000000000000.0,3956429988830.919,43570011169.080986,-19.999999999999908,6000000000000.0,5933655712408.382,66344287591.61808,-5.0000000000001315,4200000000000.0,4154590046088.486,45409953911.514206,-27.33167261539347,18100000000000.0,17899068075407.07,200931924592.93036,-1.0116726153934679
110,3.625695e+18,3.585445393174917e+18,4.0249606825080424e+16,-1.0116598623410085,0.0,0.0,0.0,0.0,12300000000000.0,12163318358936.953,136681641063.04631,0.0,4000000000000.0,3956429988830.919,43570011169.080986,-19.999999999999908,6000000000000.0,5933655712408.382,66344287591.61808,-5.0000000000001315,4200000000000.0,4154590045794.0093,45409954205.990715,-27.33166623884763,18100000000000.0,17899068074138.758,200931925861.2417,-1.0116662388474784
111,3.625695e+18,3.585445392920859e+18,4.0249607079138616e+16,-1.0116534858739037,0.0,0.0,0.0,0.0,12300000000000.0,12163318358936.953,136681641063.04631,0.0,4000000000000.0,3956429988830.919,43570011169.080986,-19.999999999999908,6000000000000.0,5933655712408.382,66344287591.61808,-5.0000000000001315,4200000000000.0,4154590045499.5347,45409954500.465416,-27.33165986234101,18100000000000.0,17899068072870.457,200931927129.54517,-1.0116598623410085
112,3.625695e+18,3.5854453926668027e+18,4.024960733319525e+16,-1.0116471094458555,0.0,0.0,0.0,0.0,12300000000000.0,12163318358936.953,136681641063.04631,0.0,4000000000000.0,3956429988830.919,43570011169.080986,-19.999999999999908,6000000000000.0,5933655712408.382,66344287591.61808,-5.0000000000001315,4200000000000.0,4154590045205.062,45409954794.938286,-27.331653485873904,18100000000000.0,17899068071602.16,200931928397.84082,-1.0116534858737494
113,3.625695e+18,3.585445392412748e+18,4.024960758725032e+16,-1.0116407330568635,0.0,0.0,0.0,0.0,12300000000000.0,12163318358936.953,136681641063.04631,0.0,4000000000000.0,3956429988830.919,43570011169.080986,-19.999999999999908,6000000000000.0,5933655712408.382,66344287591.61808,-5.0000000000001315,4200000000000.0,4154590044910.5903,45409955089.409355,-27.33164710944601,18100000000000.0,17899068070333.87,200931929666.12866,-1.0116471094458555
114,3.625695e+18,3.5854453921586944e+18,4.024960784130382e+16,-1.0116343567072368,0.0,0.0,0.0,0.0,12300000000000.0,12163318358936.953,136681641063.04631,0.0,4000000000000.0,3956429988830.919,43570011169.080986,-19.999999999999908,6000000000000.0,5933655712408.382,66344287591.61808,-5.0000000000001315,4200000000000.0,4154590044616.1216,45409955383.878624,-27.331640733056865,18100000000000.0,17899068069065.59,200931930934.40878,-1.0116407330567092
115,3.625695e+18,3.5854453919046426e+18,4.024960809535577e+16,-1.011627980396821,0.0,0.0,0.0,0.0,12300000000000.0,12163318358936.953,136681641063.04631,0.0,4000000000000.0,3956429988830.919,43570011169.080986,-19.999999999999908,6000000000000.0,5933655712408.382,66344287591.61808,-5.0000000000001315,4200000000000.0,4154590044321.6543,45409955678.34608,-27.331634356707237,18100000000000.0,17899068067797.32,200931932202.68106,-1.0116343567070825
116,3.625695e+18,3.5854453916505923e+18,4.024960834940614e+16,-1.0116216041257702,0.0,0.0,0.0,0.0,12300000000000.0,12163318358936.953,136681641063.04631,0.0,4000000000000.0,3956429988830.919,43570011169.080986,-19.999999999999908,6000000000000.0,5933655712408.382,66344287591.61808,-5.0000000000001315,4200000000000.0,4154590044027.1885,45409955972.81172,-27.33162798039682,18100000000000.0,17899068066529.055,200931933470.94547,-1.0116279803969752
117,3.625695e+18,3.5854453913965435e+18,4.024960860345496e+16,-1.011615227893776,0.0,0.0,0.0,0.0,12300000000000.0,12163318358936.953,136681641063.04631,0.0,4000000000000.0,3956429988830.919,43570011169.080986,-19.999999999999908,6000000000000.0,5933655712408.382,66344287591.61808,-5.0000000000001315,4200000000000.0,4154590043732.724,45409956267.275536,-27.331621604125772,18100000000000.0,17899068065260.797,200931934739.20218,-1.0116216041256159
118,3.625695e+18,3.585445391142496e+18,4.0249608857502216e+16,-1.0116088517009927,0.0,0.0,0.0,0.0,12300000000000.0,12163318358936.953,136681641063.04631,0.0,4000000000000.0,3956429988830.919,43570011169.080986,-19.999999999999908,6000000000000.0,5933655712408.382,66344287591.61808,-5.0000000000001315,4200000000000.0,4154590043438.2627,45409956561.73755,-27.331615227893778,18100000000000.0,17899068063992.55,200931936007.45102,-1.011615227893776
119,3.625695e+18,3.5854453908884506e+18,4.02496091115479e+16,-1.0116024755475743,0.0,0.0,0.0,0.0,12300000000000.0,12163318358936.953,136681641063.04631,0.0,4000000000000.0,3956429988830.919,43570011169.080986,-19.999999999999908,6000000000000.0,5933655712408.382,66344287591.61808,-5.0000000000001315,4200000000000.0,4154590043143.8022,45409956856.19776,-27.33160885170099,18100000000000.0,17899068062724.31,200931937275.69205,-1.011608851701147
120,3.625695e+18,3.5854453906344064e+18,4.024960936559203e+16,-1.0115960994332125,0.0,0.0,0.0,0.0,12300000000000.0,12163318358936.953,136681641063.04631,0.0,4000000000000.0,3956429988830.919,43570011169.080986,-19.999999999999908,6000000000000.0,5933655712408.382,66344287591.61808,-5.0000000000001315,4200000000000.0,4154590042849.344,45409957150.65616,-27.33160247554742,18100000000000.0,17899068061456.074,200931938543.92532,-1.0116024755475743
121,3.625695e+18,3.585445390380364e+18,4.02496096196346e+16,-1.0115897233580615,0.0,0.0,0.0,0.0,12300000000000.0,12163318358936.953,136681641063.04631,0.0,4000000000000.0,3956429988830.919,43570011169.080986,-19.999999999999908,6000000000000.0,5933655712408.382,66344287591.61808,-5.0000000000001315,4200000000000.0,4154590042554.887,45409957445.11273,-27.331596099433057,18100000000000.0,17899068060187.848,200931939812.1508,-1.0115960994332125
122,3.625695e+18,3.5854453901263227e+18,4.02496098736756e+16,-1.0115833473222757,0.0,0.0,0.0,0.0,12300000000000.0,12163318358936.953,136681641063.04631,0.0,4000000000000.0,3956429988830.919,43570011169.080986,-19.999999999999908,6000000000000.0,5933655712408.382,66344287591.61808,-5.0000000000001315,4200000000000.0,4154590042260.4326,45409957739.5675,-27.33158972335806,18100000000000.0,17899068058919.633,200931941080.36844,-1.011589723358216
123,3.625695e+18,3.585445389872283e+18,4.024961012771504e+16,-1.0115769713255465,0.0,0.0,0.0,0.0,12300000000000.0,12163318358936.953,136681641063.04631,0.0,4000000000000.0,3956429988830.919,43570011169.080986,-19.999999999999908,6000000000000.0,5933655712408.382,66344287591.61808,-5.0000000000001315,4200000000000.0,4154590041965.9795,45409958034.02047,-27.331583347322123,18100000000000.0,17899068057651.42,200931942348.57834,-1.0115833473222757
124,3.625695e+18,3.585445389618245e+18,4.024961038175292e+16,-1.0115705953680278,0.0,0.0,0.0,0.0,12300000000000.0,12163318358936.953,136681641063.04631,0.0,4000000000000.0,3956429988830.919,43570011169.080986,-19.999999999999908,6000000000000.0,5933655712408.382,66344287591.61808,-5.0000000000001315,4200000000000.0,4154590041671.5283,45409958328.47161,-27.331576971325546,18100000000000.0,17899068056383.22,200931943616.7804,-1.0115769713255465
125,3.625695e+18,3.5854453893642086e+18,4.024961063578923e+16,-1.0115642194498746,0.0,0.0,0.0,0.0,12300000000000.0,12163318358936.953,136681641063.04631,0.0,4000000000000.0,3956429988830.919,43570011169.080986,-19.999999999999908,6000000000000.0,5933655712408.382,66344287591.61808,-5.0000000000001315,4200000000000.0,4154590041377.0786,45409958622.92096,-27.331570595367875,18100000000000.0,17899068055115.023,200931944884.97467,-1.0115705953680278
126,3.625695e+18,3.5854453891101737e+18,4.024961088982398e+16,-1.0115578435707777,0.0,0.0,0.0,0.0,12300000000000.0,12163318358936.953,136681641063.04631,0.0,4000000000000.0,3956429988830.919,43570011169.080986,-19.999999999999908,6000000000000.0,5933655712408.382,66344287591.61808,-5.0000000000001315,4200000000000.0,4154590041082.632,45409958917.36848,-27.331564219449874,18100000000000.0,17899068053846.84,200931946153.1611,-1.011564219450029
127,3.625695e+18,3.5854453888561403e+18,4.0249611143857176e+16,-1.0115514677308917,0.0,0.0,0.0,0.0,12300000000000.0,12163318358936.953,136681641063.04631,0.0,4000000000000.0,3956429988830.919,43570011169.080986,-19.999999999999908,6000000000000.0,5933655712408.382,66344287591.61808,-5.0000000000001315,4200000000000.0,4154590040788.186,45409959211.81419,-27.331557843570778,18100000000000.0,17899068052578.66,200931947421.33978,-1.011557843570932
128,3.625695e+18,3.5854453886021084e+18,4.02496113978888e+16,-1.0115450919303708,0.0,0.0,0.0,0.0,12300000000000.0,12163318358936.953,136681641063.04631,0.0,4000000000000.0,3956429988830.919,43570011169.080986,-19.999999999999908,6000000000000.0,5933655712408.382,66344287591.61808,-5.0000000000001315,4200000000000.0,4154590040493.742,45409959506.2581,-27.331551467730893,18100000000000.0,17899068051310.49,200931948689.5107,-1.0115514677307371
129,3.625695e+18,3.5854453883480786e+18,4.024961165191886e+16,-1.0115387161692149,0.0,0.0,0.0,0.0,12300000000000.0,12163318358936.953,136681641063.04631,0.0,4000000000000.0,3956429988830.919,43570011169.080986,-19.999999999999908,6000000000000.0,5933655712408.382,66344287591.61808,-5.0000000000001315,4200000000000.0,4154590040199.3,45409959800.700195,-27.331545091930373,18100000000000.0,17899068050042.33,200931949957.67368,-1.011545091930525
130,3.625695e+18,3.5854453880940503e+18,4.024961190594737e+16,-1.0115323404471157,0.0,0.0,0.0,0.0,12300000000000.0,12163318358936.953,136681641063.04631,0.0,4000000000000.0,3956429988830.919,43570011169.080986,-19.999999999999908,6000000000000.0,5933655712408.382,66344287591.61808,-5.0000000000001315,4200000000000.0,4154590039904.8594,45409960095.140465,-27.331538716169216,18100000000000.0,17899068048774.17,200931951225.82895,-1.0115387161692149
131,3.625695e+18,3.5854453878400236e+18,4.024961215997431e+16,-1.0115259647640729,0.0,0.0,0.0,0.0,12300000000000.0,12163318358936.953,136681641063.04631,0.0,4000000000000.0,3956429988830.919,43570011169.080986,-19.999999999999908,6000000000000.0,5933655712408.382,66344287591.61808,-5.0000000000001315,4200000000000.0,4154590039610.421,45409960389.57893,-27.331532340447115,18100000000000.0,17899068047506.023,200931952493.9764,-1.0115323404471157
132,3.625695e+18,3.5854453875859983e+18,4.024961241399969e+16,-1.0115195891203952,0.0,0.0,0.0,0.0,12300000000000.0,12163318358936.953,136681641063.04631,0.0,4000000000000.0,3956429988830.919,43570011169.080986,-19.999999999999908,6000000000000.0,5933655712408.382,66344287591.61808,-5.0000000000001315,4200000000000.0,4154590039315.9844,45409960684.01559,-27.33152596476423,18100000000000.0,17899068046237.883,200931953762.1161,-1.0115259647639185
133,3.625695e+18,3.5854453873319747e+18,4.02496126680235e+16,-1.0115132135159284,0.0,0.0,0.0,0.0,12300000000000.0,12163318358936.953,136681641063.04631,0.0,4000000000000.0,3956429988830.919,43570011169.080986,-19.999999999999908,6000000000000.0,5933655712408.382,66344287591.61808,-5.0000000000001315,4200000000000.0,4154590039021.55,45409960978.45045,-27.331519589120397,18100000000000.0,17899068044969.754,200931955030.24796,-1.0115195891203952
134,3.625695e+18,3.5854453870779525e+18,4.024961292204576e+16,-1.0115068379506724,0.0,0.0,0.0,0.0,12300000000000.0,12163318358936.953,136681641063.04631,0.0,4000000000000.0,3956429988830.919,43570011169.080986,-19.999999999999908,6000000000000.0,5933655712408.382,66344287591.61808,-5.0000000000001315,4200000000000.0,4154590038727.1167,45409961272.883484,-27.33151321351593,18100000000000.0,17899068043701.63,200931956298.37198,-1.0115132135160827
135,3.625695e+18,3.585445386823932e+18,4.024961317606645e+16,-1.011500462424627,0.0,0.0,0.0,0.0,12300000000000.0,12163318358936.953,136681641063.04631,0.0,4000000000000.0,3956429988830.919,43570011169.080986,-19.999999999999908,6000000000000.0,5933655712408.382,66344287591.61808,-5.0000000000001315,4200000000000.0,4154590038432.6855,45409961567.31471,-27.331506837950673,18100000000000.0,17899068042433.51,200931957566.48825,-1.0115068379506724
136,3.625695e+18,3.585445386569913e+18,4.0249613430085576e+16,-1.0114940869377929,0.0,0.0,0.0,0.0,12300000000000.0,12163318358936.953,136681641063.04631,0.0,4000000000000.0,3956429988830.919,43570011169.080986,-19.999999999999908,6000000000000.0,5933655712408.382,66344287591.61808,-5.0000000000001315,4200000000000.0,4154590038138.256,45409961861.74412,-27.33150046242478,18100000000000.0,17899068041165.402,200931958834.59677,-1.0115004624243185
137,3.625695e+18,3.5854453863158953e+18,4.0249613684103144e+16,-1.0114877114901693,0.0,0.0,0.0,0.0,12300000000000.0,12163318358936.953,136681641063.04631,0.0,4000000000000.0,3956429988830.919,43570011169.080986,-19.999999999999908,6000000000000.0,5933655712408.382,66344287591.61808,-5.0000000000001315,4200000000000.0,4154590037843.8286,45409962156.17173,-27.33149408693764,18100000000000.0,17899068039897.305,200931960102.6973,-1.0114940869381015
138,3.625695e+18,3.5854453860618793e+18,4.0249613938119144e+16,-1.0114813360817565,0.0,0.0,0.0,0.0,12300000000000.0,12163318358936.953,136681641063.04631,0.0,4000000000000.0,3956429988830.919,43570011169.080986,-19.999999999999908,6000000000000.0,5933655712408.382,66344287591.61808,-5.0000000000001315,4200000000000.0,4154590037549.4023,45409962450.59752,-27.33148771149017,18100000000000.0,17899068038629.207,200931961370.79025,-1.011487711490015
139,3.625695e+18,3.585445385807865e+18,4.024961419213358e+16,-1.0114749607125544,0.0,0.0,0.0,0.0,12300000000000.0,12163318358936.953,136681641063.04631,0.0,4000000000000.0,3956429988830.919,43570011169.080986,-19.999999999999908,6000000000000.0,5933655712408.382,66344287591.61808,-5.0000000000001315,4200000000000.0,4154590037254.9785,45409962745.0215,-27.33148133608191,18100000000000.0,17899068037361.125,200931962638.87527,-1.0114813360817565
140,3.625695e+18,3.585445385553852e+18,4.024961444614646e+16,-1.0114685853825633,0.0,0.0,0.0,0.0,12300000000000.0,12163318358936.953,136681641063.04631,0.0,4000000000000.0,3956429988830.919,43570011169.080986,-19.999999999999908,6000000000000.0,5933655712408.382,66344287591.61808,-5.0000000000001315,4200000000000.0,4154590036960.5566,45409963039.44367,-27.331474960712555,18100000000000.0,17899068036093.047,200931963906.95255,-1.0114749607124
141,3.625695e+18,3.5854453852998405e+18,4.024961470015778e+16,-1.011462210091783,0.0,0.0,0.0,0.0,12300000000000.0,12163318358936.953,136681641063.04631,0.0,4000000000000.0,3956429988830.919,43570011169.080986,-19.999999999999908,6000000000000.0,5933655712408.382,66344287591.61808,-5.0000000000001315,4200000000000.0,4154590036666.136,45409963333.86403,-27.331468585382563,18100000000000.0,17899068034824.977,200931965175.02203,-1.011468585382409
142,3.625695e+18,3.5854453850458307e+18,4.024961495416753e+16,-1.0114558348402136,0.0,0.0,0.0,0.0,12300000000000.0,12163318358936.953,136681641063.04631,0.0,4000000000000.0,3956429988830.919,43570011169.080986,-19.999999999999908,6000000000000.0,5933655712408.382,66344287591.61808,-5.0000000000001315,4200000000000.0,4154590036371.7173,45409963628.282585,-27.33146221009163,18100000000000.0,17899068033556.918,200931966443.08365,-1.011462210091783
143,3.625695e+18,3.5854453847918223e+18,4.024961520817572e+16,-1.011449459627855,0.0,0.0,0.0,0.0,12300000000000.0,12163318358936.953,136681641063.04631,0.0,4000000000000.0,3956429988830.919,43570011169.080986,-19.999999999999908,6000000000000.0,5933655712408.382,66344287591.61808,-5.0000000000001315,4200000000000.0,4154590036077.301,45409963922.69932,-27.331455834840213,18100000000000.0,17899068032288.863,200931967711.13742,-1.011455834840368
144,3.625695e+18,3.5854453845378156e+18,4.0249615462182344e+16,-1.0114430844547069,0.0,0.0,0.0,0.0,12300000000000.0,12163318358936.953,136681641063.04631,0.0,4000000000000.0,3956429988830.919,43570011169.080986,-19.999999999999908,6000000000000.0,5933655712408.382,66344287591.61808,-5.0000000000001315,4200000000000.0,4154590035782.8857,45409964217.11425,-27.331449459627855,18100000000000.0,17899068031020.816,200931968979.1835,-1.0114494596280093
145,3.625695e+18,3.5854453842838103e+18,4.024961571618741e+16,-1.0114367093209242,0.0,0.0,0.0,0.0,12300000000000.0,12163318358936.953,136681641063.04631,0.0,4000000000000.0,3956429988830.919,43570011169.080986,-19.999999999999908,6000000000000.0,5933655712408.382,66344287591.61808,-5.0000000000001315,4200000000000.0,4154590035488.4727,45409964511.52736,-27.33144308445486,18100000000000.0,17899068029752.777,200931970247.2218,-1.0114430844547069
146,3.625695e+18,3.5854453840298066e+18,4.024961597019091e+16,-1.0114303342260438,0.0,0.0,0.0,0.0,12300000000000.0,12163318358936.953,136681641063.04631,0.0,4000000000000.0,3956429988830.919,43570011169.080986,-19.999999999999908,6000000000000.0,5933655712408.382,66344287591.61808,-5.0000000000001315,4200000000000.0,4154590035194.0615,45409964805.93867,-27.331436709320926,18100000000000.0,17899068028484.75,200931971515.25226,-1.0114367093209242
147,3.625695e+18,3.5854453837758044e+18,4.0249616224192856e+16,-1.011423959170374,0.0,0.0,0.0,0.0,12300000000000.0,12163318358936.953,136681641063.04631,0.0,4000000000000.0,3956429988830.919,43570011169.080986,-19.999999999999908,6000000000000.0,5933655712408.382,66344287591.61808,-5.0000000000001315,4200000000000.0,4154590034899.652,45409965100.34817,-27.331430334226045,18100000000000.0,17899068027216.723,200931972783.275,-1.0114303342258892
148,3.625695e+18,3.5854453835218043e+18,4.024961647819323e+16,-1.0114175841542237,0.0,0.0,0.0,0.0,12300000000000.0,12163318358936.953,136681641063.04631,0.0,4000000000000.0,3956429988830.919,43570011169.080986,-19.999999999999908,6000000000000.0,5933655712408.382,66344287591.61808,-5.0000000000001315,4200000000000.0,4154590034605.244,45409965394.75586,-27.331423959170372,18100000000000.0,17899068025948.71,200931974051.28983,-1.011423959170374
149,3.625695e+18,3.5854453832678057e+18,4.024961673219205e+16,-1.0114112091772842,0.0,0.0,0.0,0.0,12300000000000.0,12163318358936.953,136681641063.04631,0.0,4000000000000.0,3956429988830.919,43570011169.080986,-19.999999999999908,6000000000000.0,5933655712408.382,66344287591.61808,-5.0000000000001315,4200000000000.0,4154590034310.8384,45409965689.16173,-27.33141758415407,18100000000000.0,17899068024680.703,200931975319.2968,-1.011417584154378
150,3.625695e+18,3.5854453830138086e+18,4.0249616986189304e+16,-1.0114048342394013,0.0,0.0,0.0,0.0,12300000000000.0,12163318358936.953,136681641063.04631,0.0,4000000000000.0,3956429988830.919,43570011169.080986,-19.999999999999908,6000000000000.0,5933655712408.382,66344287591.61808,-5.0000000000001315,4200000000000.0,4154590034016.434,45409965983.56578,-27.331411209177283,18100000000000.0,17899068023412.703,200931976587.2961,-1.01141120917713
151,3.625695e+18,3.585445382759813e+18,4.024961724018499e+16,-1.0113984593408833,0.0,0.0,0.0,0.0,12300000000000.0,12163318358936.953,136681641063.04631,0.0,4000000000000.0,3956429988830.919,43570011169.080986,-19.999999999999908,6000000000000.0,5933655712408.382,66344287591.61808,-5.0000000000001315,4200000000000.0,4154590033722.032,45409966277.96803,-27.331404834239557,18100000000000.0,17899068022144.715,200931977855.2876,-1.0114048342394013
152,3.625695e+18,3.585445382505819e+18,4.024961749417912e+16,-1.0113920844815765,0.0,0.0,0.0,0.0,12300000000000.0,12163318358936.953,136681641063.04631,0.0,4000000000000.0,3956429988830.919,43570011169.080986,-19.999999999999908,6000000000000.0,5933655712408.382,66344287591.61808,-5.0000000000001315,4200000000000.0,4154590033427.632,45409966572.36847,-27.33139845934073,18100000000000.0,17899068020876.73,200931979123.27124,-1.011398459340729
153,3.625695e+18,3.5854453822518267e+18,4.024961774817169e+16,-1.011385709661326,0.0,0.0,0.0,0.0,12300000000000.0,12163318358936.953,136681641063.04631,0.0,4000000000000.0,3956429988830.919,43570011169.080986,-19.999999999999908,6000000000000.0,5933655712408.382,66344287591.61808,-5.0000000000001315,4200000000000.0,4154590033133.233,45409966866.767075,-27.33139208448173,18100000000000.0,17899068019608.754,200931980391.24698,-1.0113920844817308
154,3.625695e+18,3.585445381997836e+18,4.024961800216269e+16,-1.0113793348804405,0.0,0.0,0.0,0.0,12300000000000.0,12163318358936.953,136681641063.04631,0.0,4000000000000.0,3956429988830.919,43570011169.080986,-19.999999999999908,6000000000000.0,5933655712408.382,66344287591.61808,-5.0000000000001315,4200000000000.0,4154590032838.836,45409967161.1639,-27.331385709661326,18100000000000.0,17899068018340.785,200931981659.2151,-1.011385709661326
155,3.625695e+18,3.5854453817438464e+18,4.024961825615213e+16,-1.011372960138766,0.0,0.0,0.0,0.0,12300000000000.0,12163318358936.953,136681641063.04631,0.0,4000000000000.0,3956429988830.919,43570011169.080986,-19.999999999999908,6000000000000.0,5933655712408.382,66344287591.61808,-5.0000000000001315,4200000000000.0,4154590032544.4414,45409967455.55891,-27.33137933488044,18100000000000.0,17899068017072.824,200931982927.17532,-1.0113793348804405
156,3.625695e+18,3.5854453814898586e+18,4.024961851014001e+16,-1.0113665854361478,0.0,0.0,0.0,0.0,12300000000000.0,12163318358936.953,136681641063.04631,0.0,4000000000000.0,3956429988830.919,43570011169.080986,-19.999999999999908,6000000000000.0,5933655712408.382,66344287591.61808,-5.0000000000001315,4200000000000.0,4154590032250.048,45409967749.952095,-27.33137296013892,18100000000000.0,17899068015804.87,200931984195.12775,-1.011372960138766
157,3.625695e+18,3.5854453812358723e+18,4.024961876412633e+16,-1.0113602107727406,0.0,0.0,0.0,0.0,12300000000000.0,12163318358936.953,136681641063.04631,0.0,4000000000000.0,3956429988830.919,43570011169.080986,-19.999999999999908,6000000000000.0,5933655712408.382,66344287591.61808,-5.0000000000001315,4200000000000.0,4154590031955.6567,45409968044.3435,-27.331366585435994,18100000000000.0,17899068014536.93,200931985463.07242,-1.0113665854363023
158,3.625695e+18,3.5854453809818875e+18,4.024961901811108e+16,-1.0113538361485441,0.0,0.0,0.0,0.0,12300000000000.0,12163318358936.953,136681641063.04631,0.0,4000000000000.0,3956429988830.919,43570011169.080986,-19.999999999999908,6000000000000.0,5933655712408.382,66344287591.61808,-5.0000000000001315,4200000000000.0,4154590031661.267,45409968338.73306,-27.33136021077274,18100000000000.0,17899068013268.992,200931986731.00925,-1.0113602107730493
159,3.625695e+18,3.585445380727904e+18,4.024961927209427e+16,-1.0113474615637128,0.0,0.0,0.0,0.0,12300000000000.0,12163318358936.953,136681641063.04631,0.0,4000000000000.0,3956429988830.919,43570011169.080986,-19.999999999999908,6000000000000.0,5933655712408.382,66344287591.61808,-5.0000000000001315,4200000000000.0,4154590031366.8794,45409968633.12083,-27.331353836148544,18100000000000.0,17899068012001.062,200931987998.9384,-1.0113538361485441
160,3.625695e+18,3.5854453804739226e+18,4.02496195260759e+16,-1.0113410870177837,0.0,0.0,0.0,0.0,12300000000000.0,12163318358936.953,136681641063.04631,0.0,4000000000000.0,3956429988830.919,43570011169.080986,-19.999999999999908,6000000000000.0,5933655712408.382,66344287591.61808,-5.0000000000001315,4200000000000.0,4154590031072.493,45409968927.506775,-27.331347461563713,18100000000000.0,17899068010733.14,200931989266.85962,-1.0113474615637128
161,3.625695e+18,3.5854453802199424e+18,4.024961978005597e+16,-1.0113347125113739,0.0,0.0,0.0,0.0,12300000000000.0,12163318358936.953,136681641063.04631,0.0,4000000000000.0,3956429988830.919,43570011169.080986,-19.999999999999908,6000000000000.0,5933655712408.382,66344287591.61808,-5.0000000000001315,4200000000000.0,4154590030778.1094,45409969221.89093,-27.33134108701763,18100000000000.0,17899068009465.227,200931990534.7732,-1.0113410870174748
162,3.625695e+18,3.585445379965964e+18,4.024962003403447e+16,-1.0113283380440208,0.0,0.0,0.0,0.0,12300000000000.0,12163318358936.953,136681641063.04631,0.0,4000000000000.0,3956429988830.919,43570011169.080986,-19.999999999999908,6000000000000.0,5933655712408.382,66344287591.61808,-5.0000000000001315,4200000000000.0,4154590030483.727,45409969516.27325,-27.331334712511374,18100000000000.0,17899068008197.32,200931991802.6788,-1.0113347125112195
163,3.625695e+18,3.5854453797119867e+18,4.0249620288011416e+16,-1.0113219636158783,0.0,0.0,0.0,0.0,12300000000000.0,12163318358936.953,136681641063.04631,0.0,4000000000000.0,3956429988830.919,43570011169.080986,-19.999999999999908,6000000000000.0,5933655712408.382,66344287591.61808,-5.0000000000001315,4200000000000.0,4154590030189.346,45409969810.65376,-27.33132833804402,18100000000000.0,17899068006929.42,200931993070.57663,-1.0113283380440208
164,3.625695e+18,3.585445379458011e+18,4.02496205419868e+16,-1.0113155892269468,0.0,0.0,0.0,0.0,12300000000000.0,12163318358936.953,136681641063.04631,0.0,4000000000000.0,3956429988830.919,43570011169.080986,-19.999999999999908,6000000000000.0,5933655712408.382,66344287591.61808,-5.0000000000001315,4200000000000.0,4154590029894.968,45409970105.032486,-27.331321963615878,18100000000000.0,17899068005661.535,200931994338.46667,-1.0113219636160327
165,3.625695e+18,3.585445379204037e+18,4.0249620795960616e+16,-1.011309214877226,0.0,0.0,0.0,0.0,12300000000000.0,12163318358936.953,136681641063.04631,0.0,4000000000000.0,3956429988830.919,43570011169.080986,-19.999999999999908,6000000000000.0,5933655712408.382,66344287591.61808,-5.0000000000001315,4200000000000.0,4154590029600.591,45409970399.409386,-27.331315589226946,18100000000000.0,17899068004393.652,200931995606.34894,-1.011315589227101
166,3.625695e+18,3.5854453789500646e+18,4.024962104993287e+16,-1.011302840566716,0.0,0.0,0.0,0.0,12300000000000.0,12163318358936.953,136681641063.04631,0.0,4000000000000.0,3956429988830.919,43570011169.080986,-19.999999999999908,6000000000000.0,5933655712408.382,66344287591.61808,-5.0000000000001315,4200000000000.0,4154590029306.2153,45409970693.78447,-27.331309214877226,18100000000000.0,17899068003125.777,200931996874.22348,-1.011309214877226
167,3.625695e+18,3.5854453786960937e+18,4.024962130390357e+16,-1.0112964662952626,0.0,0.0,0.0,0.0,12300000000000.0,12163318358936.953,136681641063.04631,0.0,4000000000000.0,3956429988830.919,43570011169.080986,-19.999999999999908,6000000000000.0,5933655712408.382,66344287591.61808,-5.0000000000001315,4200000000000.0,4154590029011.8423,45409970988.15775,-27.33130284056656,18100000000000.0,17899068001857.91,200931998142.09015,-1.011302840566716
168,3.625695e+18,3.585445378442125e+18,4.0249621557872696e+16,-1.0112900920634829,0.0,0.0,0.0,0.0,12300000000000.0,12163318358936.953,136681641063.04631,0.0,4000000000000.0,3956429988830.919,43570011169.080986,-19.999999999999908,6000000000000.0,5933655712408.382,66344287591.61808,-5.0000000000001315,4200000000000.0,4154590028717.4707,45409971282.52923,-27.331296466295264,18100000000000.0,17899068000590.05,200931999409.94904,-1.0112964662952626
169,3.625695e+18,3.5854453781881574e+18,4.0249621811840264e+16,-1.0112837178707597,0.0,0.0,0.0,0.0,12300000000000.0,12163318358936.953,136681641063.04631,0.0,4000000000000.0,3956429988830.919,43570011169.080986,-19.999999999999908,6000000000000.0,5933655712408.382,66344287591.61808,-5.0000000000001315,4200000000000.0,4154590028423.101,45409971576.89887,-27.33129009206333,18100000000000.0,17899067999322.2,200932000677.80005,-1.0112900920634829
170,3.625695e+18,3.5854453779341916e+18,4.024962206580627e+16,-1.011277343717093,0.0,0.0,0.0,0.0,12300000000000.0,12163318358936.953,136681641063.04631,0.0,4000000000000.0,3956429988830.919,43570011169.080986,-19.999999999999908,6000000000000.0,5933655712408.382,66344287591.61808,-5.0000000000001315,4200000000000.0,4154590028128.7334,45409971871.26671,-27.331283717870605,18100000000000.0,17899067998054.355,200932001945.64337,-1.0112837178706053
171,3.625695e+18,3.5854453776802273e+18,4.024962231977072e+16,-1.0112709696026372,0.0,0.0,0.0,0.0,12300000000000.0,12163318358936.953,136681641063.04631,0.0,4000000000000.0,3956429988830.919,43570011169.080986,-19.999999999999908,6000000000000.0,5933655712408.382,66344287591.61808,-5.0000000000001315,4200000000000.0,4154590027834.367,45409972165.63273,-27.331277343717247,18100000000000.0,17899067996786.523,200932003213.4788,-1.011277343717093
172,3.625695e+18,3.5854453774262646e+18,4.02496225737336e+16,-1.0112645955275466,0.0,0.0,0.0,0.0,12300000000000.0,12163318358936.953,136681641063.04631,0.0,4000000000000.0,3956429988830.919,43570011169.080986,-19.999999999999908,6000000000000.0,5933655712408.382,66344287591.61808,-5.0000000000001315,4200000000000.0,4154590027540.003,45409972459.99696,-27.331270969602482,18100000000000.0,17899067995518.69,200932004481.30643,-1.0112709696026372
173,3.625695e+18,3.5854453771723034e+18,4.024962282769492e+16,-1.0112582214915122,0.0,0.0,0.0,0.0,12300000000000.0,12163318358936.953,136681641063.04631,0.0,4000000000000.0,3956429988830.919,43570011169.080986,-19.999999999999908,6000000000000.0,5933655712408.382,66344287591.61808,-5.0000000000001315,4200000000000.0,4154590027245.6406,45409972754.359375,-27.331264595527546,18100000000000.0,17899067994250.875,200932005749.1263,-1.0112645955275466
174,3.625695e+18,3.5854453769183437e+18,4.024962308165468e+16,-1.0112518474946888,0.0,0.0,0.0,0.0,12300000000000.0,12163318358936.953,136681641063.04631,0.0,4000000000000.0,3956429988830.919,43570011169.080986,-19.999999999999908,6000000000000.0,5933655712408.382,66344287591.61808,-5.0000000000001315,4200000000000.0,4154590026951.2803,45409973048.71997,-27.331258221491513,18100000000000.0,17899067992983.062,200932007016.9384,-1.0112582214915122
175,3.625695e+18,3.5854453766643855e+18,4.024962333561287e+16,-1.0112454735372305,0.0,0.0,0.0,0.0,12300000000000.0,12163318358936.953,136681641063.04631,0.0,4000000000000.0,3956429988830.919,43570011169.080986,-19.999999999999908,6000000000000.0,5933655712408.382,66344287591.61808,-5.0000000000001315,4200000000000.0,4154590026656.9214,45409973343.07877,-27.331251847494535,18100000000000.0,17899067991715.258,200932008284.7427,-1.0112518474945345
176,3.625695e+18,3.585445376410429e+18,4.02496235895695e+16,-1.011239099618983,0.0,0.0,0.0,0.0,12300000000000.0,12163318358936.953,136681641063.04631,0.0,4000000000000.0,3956429988830.919,43570011169.080986,-19.999999999999908,6000000000000.0,5933655712408.382,66344287591.61808,-5.0000000000001315,4200000000000.0,4154590026362.5645,45409973637.43573,-27.33124547353723,18100000000000.0,17899067990447.46,200932009552.53912,-1.0112454735372305
177,3.625695e+18,3.585445376156474e+18,4.024962384352458e+16,-1.0112327257397922,0.0,0.0,0.0,0.0,12300000000000.0,12163318358936.953,136681641063.04631,0.0,4000000000000.0,3956429988830.919,43570011169.080986,-19.999999999999908,6000000000000.0,5933655712408.382,66344287591.61808,-5.0000000000001315,4200000000000.0,4154590026068.209,45409973931.7909,-27.331239099618983,18100000000000.0,17899067989179.67,200932010820.32776,-1.011239099618983
178,3.625695e+18,3.5854453759025203e+18,4.024962409747809e+16,-1.0112263518996576,0.0,0.0,0.0,0.0,12300000000000.0,12163318358936.953,136681641063.04631,0.0,4000000000000.0,3956429988830.919,43570011169.080986,-19.999999999999908,6000000000000.0,5933655712408.382,66344287591.61808,-5.0000000000001315,4200000000000.0,4154590025773.856,45409974226.144264,-27.33123272573964,18100000000000.0,17899067987911.89,200932012088.10864,-1.0112327257397922
179,3.625695e+18,3.5854453756485683e+18,4.024962435143003e+16,-1.0112199780990425,0.0,0.0,0.0,0.0,12300000000000.0,12163318358936.953,136681641063.04631,0.0,4000000000000.0,3956429988830.919,43570011169.080986,-19.999999999999908,6000000000000.0,5933655712408.382,66344287591.61808,-5.0000000000001315,4200000000000.0,4154590025479.504,45409974520.49581,-27.33122635189966,18100000000000.0,17899067986644.117,200932013355.8818,-1.011226351899503
180,3.625695e+18,3.585445375394618e+18,4.024962460538042e+16,-1.011213604337484,0.0,0.0,0.0,0.0,12300000000000.0,12163318358936.953,136681641063.04631,0.0,4000000000000.0,3956429988830.919,43570011169.080986,-19.999999999999908,6000000000000.0,5933655712408.382,66344287591.61808,-5.0000000000001315,4200000000000.0,4154590025185.155,45409974814.84554,-27.3312199780992,18100000000000.0,17899067985376.355,200932014623.64703,-1.0112199780990425
181,3.625695e+18,3.585445375140669e+18,4.024962485932924e+16,-1.0112072306151363,0.0,0.0,0.0,0.0,12300000000000.0,12163318358936.953,136681641063.04631,0.0,4000000000000.0,3956429988830.919,43570011169.080986,-19.999999999999908,6000000000000.0,5933655712408.382,66344287591.61808,-5.0000000000001315,4200000000000.0,4154590024890.8066,45409975109.193474,-27.331213604337485,18100000000000.0,17899067984108.594,200932015891.40454,-1.0112136043373297
182,3.625695e+18,3.5854453748867215e+18,4.0249625113276504e+16,-1.011200856931845,0.0,0.0,0.0,0.0,12300000000000.0,12163318358936.953,136681641063.04631,0.0,4000000000000.0,3956429988830.919,43570011169.080986,-19.999999999999908,6000000000000.0,5933655712408.382,66344287591.61808,-5.0000000000001315,4200000000000.0,4154590024596.4604,45409975403.53958,-27.331207230615135,18100000000000.0,17899067982840.844,200932017159.1542,-1.0112072306149817
183,3.625695e+18,3.5854453746327757e+18,4.02496253672222e+16,-1.0111944832879187,0.0,0.0,0.0,0.0,12300000000000.0,12163318358936.953,136681641063.04631,0.0,4000000000000.0,3956429988830.919,43570011169.080986,-19.999999999999908,6000000000000.0,5933655712408.382,66344287591.61808,-5.0000000000001315,4200000000000.0,4154590024302.1157,45409975697.88389,-27.331200856931844,18100000000000.0,17899067981573.1,200932018426.8961,-1.011200856931845
184,3.625695e+18,3.5854453743788314e+18,4.024962562116634e+16,-1.0111881096832034,0.0,0.0,0.0,0.0,12300000000000.0,12163318358936.953,136681641063.04631,0.0,4000000000000.0,3956429988830.919,43570011169.080986,-19.999999999999908,6000000000000.0,5933655712408.382,66344287591.61808,-5.0000000000001315,4200000000000.0,4154590024007.7734,45409975992.22639,-27.33119448328792,18100000000000.0,17899067980305.367,200932019694.63022,-1.0111944832877644
185,3.625695e+18,3.5854453741248886e+18,4.024962587510891e+16,-1.0111817361175446,0.0,0.0,0.0,0.0,12300000000000.0,12163318358936.953,136681641063.04631,0.0,4000000000000.0,3956429988830.919,43570011169.080986,-19.999999999999908,6000000000000.0,5933655712408.382,66344287591.61808,-5.0000000000001315,4200000000000.0,4154590023713.4326,45409976286.56707,-27.331188109683204,18100000000000.0,17899067979037.645,200932020962.3565,-1.0111881096832034
186,3.625695e+18,3.5854453738709473e+18,4.024962612904993e+16,-1.0111753625910966,0.0,0.0,0.0,0.0,12300000000000.0,12163318358936.953,136681641063.04631,0.0,4000000000000.0,3956429988830.919,43570011169.080986,-19.999999999999908,6000000000000.0,5933655712408.382,66344287591.61808,-5.0000000000001315,4200000000000.0,4154590023419.094,45409976580.90595,-27.331181736117546,18100000000000.0,17899067977769.926,200932022230.07495,-1.011181736117699
187,3.625695e+18,3.585445373617008e+18,4.024962638298938e+16,-1.0111689891040136,0.0,0.0,0.0,0.0,12300000000000.0,12163318358936.953,136681641063.04631,0.0,4000000000000.0,3956429988830.919,43570011169.080986,-19.999999999999908,6000000000000.0,5933655712408.382,66344287591.61808,-5.0000000000001315,4200000000000.0,4154590023124.7573,45409976875.24303,-27.331175362591097,18100000000000.0,17899067976502.215,200932023497.78574,-1.0111753625910966
188,3.625695e+18,3.5854453733630705e+18,4.024962663692726e+16,-1.0111626156561417,0.0,0.0,0.0,0.0,12300000000000.0,12163318358936.953,136681641063.04631,0.0,4000000000000.0,3956429988830.919,43570011169.080986,-19.999999999999908,6000000000000.0,5933655712408.382,66344287591.61808,-5.0000000000001315,4200000000000.0,4154590022830.422,45409977169.57828,-27.33116898910386,18100000000000.0,17899067975234.51,200932024765.4886,-1.0111689891041682
189,3.625695e+18,3.5854453731091343e+18,4.024962689086359e+16,-1.0111562422474805,0.0,0.0,0.0,0.0,12300000000000.0,12163318358936.953,136681641063.04631,0.0,4000000000000.0,3956429988830.919,43570011169.080986,-19.999999999999908,6000000000000.0,5933655712408.382,66344287591.61808,-5.0000000000001315,4200000000000.0,4154590022536.0884,45409977463.91171,-27.33116261565614,18100000000000.0,17899067973966.816,200932026033.18372,-1.0111626156561417
190,3.625695e+18,3.5854453728552e+18,4.024962714479836e+16,-1.01114986887803,0.0,0.0,0.0,0.0,12300000000000.0,12163318358936.953,136681641063.04631,0.0,4000000000000.0,3956429988830.919,43570011169.080986,-19.999999999999908,6000000000000.0,5933655712408.382,66344287591.61808,-5.0000000000001315,4200000000000.0,4154590022241.757,45409977758.24334,-27.33115624224748,18100000000000.0,17899067972699.13,200932027300.87094,-1.0111562422476348
191,3.625695e+18,3.5854453726012667e+18,4.024962739873156e+16,-1.0111434955477905,0.0,0.0,0.0,0.0,12300000000000.0,12163318358936.953,136681641063.04631,0.0,4000000000000.0,3956429988830.919,43570011169.080986,-19.999999999999908,6000000000000.0,5933655712408.382,66344287591.61808,-5.0000000000001315,4200000000000.0,4154590021947.427,45409978052.57315,-27.331149868878185,18100000000000.0,17899067971431.45,200932028568.55048,-1.01114986887803
192,3.625695e+18,3.585445372347335e+18,4.02496276526632e+16,-1.0111371222567616,0.0,0.0,0.0,0.0,12300000000000.0,12163318358936.953,136681641063.04631,0.0,4000000000000.0,3956429988830.919,43570011169.080986,-19.999999999999908,6000000000000.0,5933655712408.382,66344287591.61808,-5.0000000000001315,4200000000000.0,4154590021653.0986,45409978346.90117,-27.331143495547792,18100000000000.0,17899067970163.777,200932029836.22217,-1.0111434955477905
193,3.625695e+18,3.585445372093405e+18,4.024962790659328e+16,-1.0111307490047894,0.0,0.0,0.0,0.0,12300000000000.0,12163318358936.953,136681641063.04631,0.0,4000000000000.0,3956429988830.919,43570011169.080986,-19.999999999999908,6000000000000.0,5933655712408.382,66344287591.61808,-5.0000000000001315,4200000000000.0,4154590021358.773,45409978641.22736,-27.331137122256916,18100000000000.0,17899067968896.113,200932031103.88608,-1.0111371222567616
194,3.625695e+18,3.5854453718394767e+18,4.02496281605218e+16,-1.0111243757920279,0.0,0.0,0.0,0.0,12300000000000.0,12163318358936.953,136681641063.04631,0.0,4000000000000.0,3956429988830.919,43570011169.080986,-19.999999999999908,6000000000000.0,5933655712408.382,66344287591.61808,-5.0000000000001315,4200000000000.0,4154590021064.448,45409978935.55175,-27.331130749004945,18100000000000.0,17899067967628.457,200932032371.54224,-1.0111307490046348
195,3.625695e+18,3.58544537158555e+18,4.024962841444875e+16,-1.0111180026186315,0.0,0.0,0.0,0.0,12300000000000.0,12163318358936.953,136681641063.04631,0.0,4000000000000.0,3956429988830.919,43570011169.080986,-19.999999999999908,6000000000000.0,5933655712408.382,66344287591.61808,-5.0000000000001315,4200000000000.0,4154590020770.1255,45409979229.87434,-27.33112437579203,18100000000000.0,17899067966360.81,200932033639.19052,-1.0111243757920279
196,3.625695e+18,3.5854453713316244e+18,4.024962866837414e+16,-1.0111116294842915,0.0,0.0,0.0,0.0,12300000000000.0,12163318358936.953,136681641063.04631,0.0,4000000000000.0,3956429988830.919,43570011169.080986,-19.999999999999908,6000000000000.0,5933655712408.382,66344287591.61808,-5.0000000000001315,4200000000000.0,4154590020475.805,45409979524.19511,-27.33111800261863,18100000000000.0,17899067965093.168,200932034906.83102,-1.011118002618477
197,3.625695e+18,3.5854453710777006e+18,4.0249628922297976e+16,-1.0111052563891625,0.0,0.0,0.0,0.0,12300000000000.0,12163318358936.953,136681641063.04631,0.0,4000000000000.0,3956429988830.919,43570011169.080986,-19.999999999999908,6000000000000.0,5933655712408.382,66344287591.61808,-5.0000000000001315,4200000000000.0,4154590020181.486,45409979818.51406,-27.33111162948429,18100000000000.0,17899067963825.535,200932036174.46378,-1.0111116294841371
198,3.625695e+18,3.5854453708237783e+18,4.024962917622025e+16,-1.0110988833332442,0.0,0.0,0.0,0.0,12300000000000.0,12163318358936.953,136681641063.04631,0.0,4000000000000.0,3956429988830.919,43570011169.080986,-19.999999999999908,6000000000000.0,5933655712408.382,66344287591.61808,-5.0000000000001315,4200000000000.0,4154590019887.1685,45409980112.831215,-27.33110525638916,18100000000000.0,17899067962557.91,200932037442.08865,-1.0111052563891625
199,3.625695e+18,3.5854453705698575e+18,4.024962943014095e+16,-1.0110925103165367,0.0,0.0,0.0,0.0,12300000000000.0,12163318358936.953,136681641063.04631,0.0,4000000000000.0,3956429988830.919,43570011169.080986,-19.999999999999908,6000000000000.0,5933655712408.382,66344287591.61808,-5.0000000000001315,4200000000000.0,4154590019592.853,45409980407.146545,-27.331098883333244,18100000000000.0,17899067961290.293,200932038709.70578,-1.0110988833332442
